fecha,mes,semana,dia_semana,hora,child,hombre,mujer,peatones,bicycle,motorcycle,car,pickup,van,truck,autos,bus,avg_vel_child,avg_vel_hombre,avg_vel_mujer,avg_vel_peatones,avg_vel_bicycle,avg_vel_motorcycle,avg_vel_car,avg_vel_pickup,avg_vel_van,avg_vel_truck,avg_vel_autos,avg_vel_bus
2021-08-09,August,32,Monday,5,0,22,4,26,4,4,58,2,2,2,64,18,0,8,5,4,20,35,43,25,55,95,54,48
2021-08-09,August,32,Monday,6,0,65,30,95,5,26,421,18,2,4,445,22,0,8,5,4,29,38,63,61,35,45,51,52
2021-08-09,August,32,Monday,7,3,128,16,147,38,19,1289,71,5,23,1388,50,8,7,11,8,28,43,70,66,69,55,65,58
2021-08-09,August,32,Monday,8,0,59,33,92,33,17,1406,150,11,24,1591,46,0,6,5,3,31,49,71,64,59,51,61,51
2021-08-09,August,32,Monday,9,3,29,8,40,12,23,1276,141,20,31,1468,41,8,5,5,6,36,56,73,65,67,51,64,57
2021-08-09,August,32,Monday,10,0,9,15,24,7,21,948,118,19,32,1117,29,0,6,6,4,20,44,71,64,68,61,66,60
2021-08-09,August,32,Monday,11,2,19,9,30,8,9,934,108,24,31,1097,20,15,8,6,9,30,46,72,62,67,58,64,62
2021-08-09,August,32,Monday,12,0,20,19,39,27,43,2084,191,55,76,2406,41,0,5,5,3,28,65,70,66,65,59,65,56
2021-08-09,August,32,Monday,13,0,67,13,80,7,74,2517,220,58,74,2869,40,0,6,5,3,19,45,71,68,66,62,66,63
2021-08-09,August,32,Monday,14,1,17,8,26,5,98,2875,213,62,74,3224,38,15,7,5,9,21,44,73,67,62,57,64,59
2021-08-09,August,32,Monday,15,0,49,20,69,2,110,2785,209,72,59,3125,58,0,5,8,4,15,48,69,62,64,53,62,55
2021-08-09,August,32,Monday,16,5,106,42,153,13,96,3780,320,78,96,4274,75,5,8,7,6,25,56,69,61,57,49,59,57
2021-08-09,August,32,Monday,17,0,107,33,140,19,105,4156,324,147,106,4733,96,0,7,8,5,31,43,69,62,64,57,63,53
2021-08-09,August,32,Monday,18,0,68,36,104,56,136,4835,240,55,40,5170,107,0,8,5,4,33,41,65,60,63,57,61,54
2021-08-09,August,32,Monday,19,0,122,62,184,80,86,4166,268,69,51,4554,54,0,7,6,4,41,54,61,60,58,42,55,54
2021-08-09,August,32,Monday,20,5,160,94,259,16,141,3348,143,12,36,3539,72,5,7,5,5,34,44,65,60,65,50,60,56
2021-08-09,August,32,Monday,21,4,94,82,180,5,41,2067,65,7,10,2149,53,5,7,5,5,43,43,61,59,65,46,57,49
2021-08-09,August,32,Monday,22,8,104,63,175,10,25,1299,47,11,2,1359,41,7,6,5,6,33,43,63,59,57,60,59,47
2021-08-09,August,32,Monday,23,0,0,0,0,0,1,64,0,0,0,64,6,0,0,0,0,0,55,63,0,0,0,15,50
2021-08-10,August,32,Tuesday,5,0,24,4,28,4,10,74,8,2,0,84,12,0,11,15,8,20,33,43,52,45,0,35,50
2021-08-10,August,32,Tuesday,6,0,73,18,91,36,31,448,14,2,7,471,30,0,11,8,6,29,37,58,49,35,55,49,53
2021-08-10,August,32,Tuesday,7,5,223,28,256,137,32,1110,84,15,24,1233,64,5,9,7,7,28,45,68,63,53,54,59,54
2021-08-10,August,32,Tuesday,8,1,111,57,169,60,52,2152,243,43,67,2505,83,15,7,7,9,32,49,73,67,67,57,66,55
2021-08-10,August,32,Tuesday,9,6,31,19,56,24,56,2292,301,42,77,2712,63,5,5,5,5,32,47,71,65,65,58,64,60
2021-08-10,August,32,Tuesday,10,0,40,24,64,22,57,1648,211,26,85,1970,49,0,7,7,4,36,44,69,63,65,55,63,60
2021-08-10,August,32,Tuesday,11,2,19,15,36,1,22,916,156,17,52,1141,21,10,7,5,7,35,41,69,59,62,53,60,59
2021-08-10,August,32,Tuesday,12,0,100,22,122,9,62,1976,248,62,99,2385,43,0,6,5,3,23,49,67,59,56,56,59,55
2021-08-10,August,32,Tuesday,13,0,54,4,58,4,88,2621,267,82,79,3049,46,0,6,5,3,25,41,68,62,60,62,63,64
2021-08-10,August,32,Tuesday,14,0,28,6,34,6,108,2388,199,46,95,2728,44,0,5,5,3,38,45,70,62,58,53,60,60
2021-08-10,August,32,Tuesday,15,0,32,12,44,4,82,2167,201,62,66,2496,54,0,8,8,5,25,45,65,56,52,48,55,59
2021-08-10,August,32,Tuesday,16,0,41,16,57,5,62,2378,181,56,60,2675,45,0,7,6,4,13,50,67,58,54,53,58,53
2021-08-10,August,32,Tuesday,17,2,107,19,128,29,76,2869,261,62,64,3256,61,5,7,11,7,23,33,58,52,48,53,52,54
2021-08-10,August,32,Tuesday,18,0,66,42,108,19,74,3034,253,64,19,3370,65,0,7,6,4,34,42,59,54,56,42,52,54
2021-08-10,August,32,Tuesday,19,1,95,20,116,43,69,3074,152,34,28,3288,68,5,9,6,6,32,53,57,56,51,47,52,52
2021-08-10,August,32,Tuesday,20,4,126,59,189,27,70,2196,110,18,10,2334,46,5,8,7,6,37,47,62,63,62,45,58,51
2021-08-10,August,32,Tuesday,21,3,134,60,197,20,35,1491,40,8,10,1549,48,8,7,6,7,29,39,58,58,60,48,56,52
2021-08-10,August,32,Tuesday,22,2,82,27,111,4,29,929,32,7,2,970,30,5,6,6,5,17,46,60,65,65,35,56,51
2021-08-10,August,32,Tuesday,23,0,2,8,10,0,0,86,0,0,0,86,0,0,5,5,3,0,0,64,0,0,0,16,0
2021-08-11,August,32,Wednesday,5,0,10,0,10,0,4,42,1,0,0,43,9,0,6,0,2,0,42,45,45,0,0,22,46
2021-08-11,August,32,Wednesday,6,1,44,9,54,24,15,197,12,3,4,216,15,5,14,13,10,35,37,62,52,55,75,61,54
2021-08-11,August,32,Wednesday,7,2,126,39,167,142,22,1383,108,19,26,1536,50,20,7,9,12,34,50,67,64,62,58,62,54
2021-08-11,August,32,Wednesday,8,0,87,37,124,105,31,1902,231,23,50,2206,82,0,6,5,3,32,49,67,61,63,52,60,55
2021-08-11,August,32,Wednesday,9,0,75,19,94,20,53,2194,282,48,88,2612,52,0,8,5,4,28,50,66,59,63,53,60,55
2021-08-11,August,32,Wednesday,10,0,31,25,56,20,44,1834,243,52,77,2206,58,0,5,8,4,29,45,67,60,62,56,61,60
2021-08-11,August,32,Wednesday,11,2,61,6,69,7,28,1781,256,58,119,2214,40,5,5,5,5,25,44,68,60,61,52,60,57
2021-08-11,August,32,Wednesday,12,0,75,13,88,12,128,4062,403,86,197,4748,72,0,6,8,4,38,57,66,59,61,50,59,58
2021-08-11,August,32,Wednesday,13,4,125,14,143,7,224,5124,472,114,173,5883,76,5,8,5,6,16,46,62,59,55,54,57,62
2021-08-11,August,32,Wednesday,14,0,82,12,94,8,129,4860,467,81,126,5534,92,0,10,7,5,30,44,66,55,54,49,56,57
2021-08-11,August,32,Wednesday,15,0,103,48,151,20,208,4567,379,79,186,5211,103,0,9,6,5,39,42,63,58,49,52,55,57
2021-08-11,August,32,Wednesday,16,0,87,29,116,8,94,6011,527,150,168,6856,84,0,8,7,5,17,50,53,48,41,41,45,53
2021-08-11,August,32,Wednesday,17,2,139,38,179,63,236,7948,818,224,286,9276,111,5,8,5,6,26,43,52,46,46,46,47,50
2021-08-11,August,32,Wednesday,18,1,303,103,407,31,174,8535,788,188,197,9708,138,5,11,9,8,22,33,44,42,37,33,39,45
2021-08-11,August,32,Wednesday,19,0,370,90,460,114,171,7629,509,150,88,8376,139,0,13,7,6,33,46,39,36,27,33,33,47
2021-08-11,August,32,Wednesday,20,5,116,49,170,18,108,3389,165,42,15,3611,89,5,8,6,6,35,47,65,62,66,57,62,58
2021-08-11,August,32,Wednesday,21,2,58,25,85,8,46,1537,56,11,14,1618,34,5,9,5,6,31,44,60,58,61,46,56,50
2021-08-11,August,32,Wednesday,22,0,79,19,98,2,18,894,42,8,8,952,25,0,7,5,4,25,38,56,52,62,53,55,47
2021-08-11,August,32,Wednesday,23,0,0,0,0,0,0,83,2,0,0,85,0,0,0,0,0,0,0,67,45,0,0,28,0
2021-08-12,August,32,Thursday,5,0,8,1,9,4,3,46,0,0,0,46,8,0,18,5,7,32,28,46,0,0,0,11,46
2021-08-12,August,32,Thursday,6,0,45,9,54,24,21,185,10,3,3,201,15,0,17,8,8,35,40,58,54,55,51,54,51
2021-08-12,August,32,Thursday,7,0,105,15,120,60,17,622,38,6,9,675,35,0,8,7,5,30,42,72,72,48,49,60,59
2021-08-12,August,32,Thursday,8,0,75,30,105,32,44,1578,158,29,30,1795,49,0,7,7,4,32,52,67,63,55,44,57,54
2021-08-12,August,32,Thursday,9,0,65,24,89,19,40,2275,258,49,90,2672,59,0,7,6,4,27,47,66,60,61,51,59,53
2021-08-12,August,32,Thursday,10,0,55,14,69,20,44,1859,234,22,101,2216,58,0,5,7,4,30,47,66,58,63,49,59,60
2021-08-12,August,32,Thursday,11,0,40,13,53,10,26,1713,228,50,54,2045,38,0,7,8,5,29,40,67,62,61,47,59,57
2021-08-12,August,32,Thursday,12,1,16,7,24,16,52,2096,167,50,84,2397,38,5,7,6,6,30,62,67,59,63,52,60,61
2021-08-12,August,32,Thursday,13,0,40,8,48,6,86,2449,218,83,50,2800,38,0,7,5,4,35,56,68,61,58,57,61,61
2021-08-12,August,32,Thursday,14,2,27,9,38,3,78,2014,189,33,63,2299,33,5,10,5,6,11,43,57,51,46,50,51,57
2021-08-12,August,32,Thursday,15,1,31,14,46,1,70,1344,140,19,38,1541,30,5,7,8,6,5,45,62,56,60,54,58,57
2021-08-12,August,32,Thursday,16,1,42,21,64,11,82,2656,225,60,62,3003,42,5,6,6,5,12,43,53,47,42,41,45,56
2021-08-12,August,32,Thursday,17,1,77,26,104,25,79,2955,277,70,58,3360,46,5,8,7,6,18,31,45,42,43,43,43,50
2021-08-12,August,32,Thursday,18,0,65,32,97,27,107,2994,265,66,59,3384,66,0,7,5,4,29,38,53,47,50,41,47,52
2021-08-12,August,32,Thursday,19,0,122,23,145,38,110,2960,164,44,25,3193,46,0,8,7,5,30,49,60,55,56,53,56,52
2021-08-12,August,32,Thursday,20,2,98,51,151,20,105,2392,139,11,14,2556,47,5,8,5,6,29,47,61,59,56,42,54,50
2021-08-12,August,32,Thursday,21,11,114,62,187,26,52,1586,61,4,12,1663,42,5,9,5,6,30,40,58,57,45,40,50,50
2021-08-12,August,32,Thursday,22,0,42,19,61,4,31,1036,38,4,4,1082,25,0,8,6,4,35,45,60,63,70,55,62,47
2021-08-12,August,32,Thursday,23,2,6,4,12,0,0,62,5,0,0,67,2,5,5,5,5,0,0,59,57,0,0,29,55
2021-08-13,August,32,Friday,5,0,31,0,31,20,4,82,4,0,1,87,14,0,16,0,5,30,22,44,32,0,25,25,47
2021-08-13,August,32,Friday,6,0,85,12,97,48,30,400,22,2,26,450,30,0,11,7,6,30,36,59,53,35,49,49,51
2021-08-13,August,32,Friday,7,0,197,27,224,103,24,1315,94,18,29,1456,68,0,7,6,4,31,42,71,72,56,60,64,53
2021-08-13,August,32,Friday,8,1,77,50,128,79,34,1901,226,37,55,2219,100,5,7,7,6,33,54,68,64,65,61,64,53
2021-08-13,August,32,Friday,9,0,46,18,64,34,56,2083,306,47,81,2517,55,0,6,9,5,27,48,66,57,61,54,59,55
2021-08-13,August,32,Friday,10,0,23,15,38,23,56,1869,279,33,82,2263,57,0,5,5,3,25,44,66,60,60,54,60,58
2021-08-13,August,32,Friday,11,0,39,18,57,8,81,1964,301,73,95,2433,37,0,6,6,4,21,38,59,55,50,51,53,55
2021-08-13,August,32,Friday,12,0,34,12,46,0,78,2341,251,74,103,2769,48,0,6,8,4,0,58,64,57,57,51,57,55
2021-08-13,August,32,Friday,13,0,36,4,40,8,131,2709,267,65,95,3136,31,0,8,5,4,26,40,57,52,56,48,53,59
2021-08-13,August,32,Friday,14,0,42,12,54,3,154,2629,242,60,85,3016,40,0,8,8,5,35,42,59,52,54,45,52,61
2021-08-13,August,32,Friday,15,0,18,12,30,7,113,2526,253,58,96,2933,47,0,11,10,7,33,45,61,55,54,46,54,61
2021-08-13,August,32,Friday,16,0,46,23,69,6,96,2835,283,84,92,3294,50,0,8,6,4,35,41,58,56,56,46,54,57
2021-08-13,August,32,Friday,17,3,97,20,120,21,114,2922,318,91,60,3391,61,5,7,6,6,25,39,54,49,53,49,51,48
2021-08-13,August,32,Friday,18,0,79,32,111,21,124,3038,255,67,26,3386,66,0,7,5,4,27,40,59,56,55,57,56,54
2021-08-13,August,32,Friday,19,9,63,64,136,32,129,3180,197,38,23,3438,60,5,8,5,6,42,51,58,60,51,52,55,56
2021-08-13,August,32,Friday,20,4,62,38,104,6,122,2828,149,20,7,3004,44,5,9,5,6,48,44,60,58,56,40,53,49
2021-08-13,August,32,Friday,21,4,134,38,176,7,49,2143,57,7,8,2215,55,5,6,5,5,35,40,54,61,50,47,53,55
2021-08-13,August,32,Friday,22,9,189,87,285,7,51,1770,45,7,10,1832,50,5,10,7,7,32,44,52,45,59,58,53,48
2021-08-13,August,32,Friday,23,0,30,15,45,1,12,125,0,0,0,125,0,0,5,5,3,75,35,61,0,0,0,15,0
2021-08-14,August,32,Saturday,5,0,14,2,16,2,4,111,2,0,0,113,16,0,5,5,3,25,55,47,45,0,0,23,49
2021-08-14,August,32,Saturday,6,0,60,6,66,17,14,210,24,5,9,248,23,0,8,11,6,29,39,56,56,63,46,55,48
2021-08-14,August,32,Saturday,7,0,143,19,162,100,25,490,70,4,8,572,56,0,7,8,5,27,49,64,55,65,45,57,53
2021-08-14,August,32,Saturday,8,0,93,23,116,153,38,981,161,26,30,1198,60,0,8,8,5,33,52,65,61,47,53,56,55
2021-08-14,August,32,Saturday,9,2,92,26,120,119,59,1465,189,36,67,1757,47,15,8,6,9,28,48,66,57,53,50,56,53
2021-08-14,August,32,Saturday,10,5,61,30,96,74,44,1590,213,42,75,1920,48,5,6,5,5,28,46,66,60,59,48,58,53
2021-08-14,August,32,Saturday,11,0,53,40,93,50,58,1879,201,52,58,2190,36,0,7,5,4,29,44,66,57,66,50,59,60
2021-08-14,August,32,Saturday,12,0,111,30,141,50,138,3171,327,66,79,3643,58,0,6,7,4,34,52,65,60,61,56,60,59
2021-08-14,August,32,Saturday,13,0,114,63,177,26,240,4097,372,70,52,4591,45,0,7,6,4,28,46,66,62,67,65,65,62
2021-08-14,August,32,Saturday,14,14,33,49,96,12,399,3803,299,60,78,4240,69,7,6,5,6,20,44,69,66,70,58,65,65
2021-08-14,August,32,Saturday,15,5,97,55,157,21,348,3275,255,66,57,3653,90,5,5,5,5,40,52,70,64,61,54,62,62
2021-08-14,August,32,Saturday,16,0,69,24,93,8,258,2874,197,25,21,3117,90,0,7,7,4,55,58,70,62,67,45,61,58
2021-08-14,August,32,Saturday,17,18,135,43,196,11,140,2935,132,12,27,3106,72,5,5,5,5,23,47,71,58,82,38,62,52
2021-08-14,August,32,Saturday,18,12,119,27,158,9,162,2911,138,24,27,3100,81,5,5,6,5,25,44,69,64,57,46,59,54
2021-08-14,August,32,Saturday,19,9,104,61,174,6,178,3176,145,9,23,3353,76,8,7,5,6,35,55,68,61,68,55,63,50
2021-08-14,August,32,Saturday,20,13,116,102,231,4,186,3275,118,9,17,3419,52,5,6,5,5,25,48,62,66,45,31,51,49
2021-08-14,August,32,Saturday,21,0,105,43,148,2,61,2448,51,6,10,2515,49,0,5,6,3,55,45,60,62,70,52,61,52
2021-08-14,August,32,Saturday,22,3,225,56,284,5,73,1864,59,12,9,1944,45,5,5,5,5,31,44,59,58,55,41,53,50
2021-08-14,August,32,Saturday,23,0,16,8,24,4,7,137,3,0,0,140,3,0,5,5,3,35,36,56,75,0,0,32,51
2021-08-15,August,32,Sunday,5,0,12,2,14,2,6,134,4,0,0,138,2,0,5,5,3,15,35,44,40,0,0,21,25
2021-08-15,August,32,Sunday,6,2,46,4,52,5,14,153,2,2,4,161,12,5,8,10,7,29,42,53,45,45,50,48,50
2021-08-15,August,32,Sunday,7,2,60,26,88,70,12,271,29,5,5,310,26,5,10,7,7,27,35,57,53,41,49,50,50
2021-08-15,August,32,Sunday,8,0,82,8,90,119,17,363,39,8,15,425,30,0,7,5,4,25,40,50,46,60,47,50,50
2021-08-15,August,32,Sunday,9,0,233,50,283,266,80,656,45,28,24,753,33,0,9,6,5,21,44,55,53,41,50,49,47
2021-08-15,August,32,Sunday,10,3,89,50,142,345,78,846,82,11,5,944,25,5,8,5,6,19,43,56,54,59,45,53,47
2021-08-15,August,32,Sunday,11,1,103,36,140,127,66,767,43,11,7,828,22,5,7,5,5,18,40,61,56,49,49,53,53
2021-08-15,August,32,Sunday,12,3,89,24,116,158,99,1360,60,15,15,1450,31,5,6,7,6,20,46,57,58,51,41,51,52
2021-08-15,August,32,Sunday,13,0,89,6,95,39,207,2156,109,24,24,2313,36,0,7,15,7,22,44,65,54,70,52,60,54
2021-08-15,August,32,Sunday,14,0,43,18,61,5,412,2456,100,38,12,2606,33,0,6,6,4,11,46,72,59,59,56,61,54
2021-08-15,August,32,Sunday,15,11,34,0,45,24,257,2053,101,27,16,2197,33,5,5,0,3,40,51,68,65,65,50,62,55
2021-08-15,August,32,Sunday,16,18,60,34,112,21,261,2137,147,24,15,2323,52,5,6,6,5,53,61,69,63,72,55,64,50
2021-08-15,August,32,Sunday,17,3,71,29,103,18,172,2465,138,5,18,2626,46,5,5,6,5,36,46,70,58,33,50,52,51
2021-08-15,August,32,Sunday,18,9,55,22,86,20,171,2468,102,13,17,2600,46,5,6,5,5,28,45,71,65,56,56,62,49
2021-08-15,August,32,Sunday,19,9,112,50,171,26,220,2631,106,13,17,2767,46,11,6,5,7,43,53,64,59,62,37,55,46
2021-08-15,August,32,Sunday,20,15,163,136,314,27,180,2586,87,10,4,2687,49,7,8,5,6,25,52,63,64,56,62,61,55
2021-08-15,August,32,Sunday,21,0,102,80,182,3,58,1624,43,12,9,1688,48,0,7,5,4,35,43,60,61,55,57,58,51
2021-08-15,August,32,Sunday,22,2,50,32,84,4,36,755,14,0,2,771,20,5,6,5,5,40,44,61,63,0,35,39,52
2021-08-15,August,32,Sunday,23,0,0,6,6,0,0,58,2,0,0,60,0,0,0,5,1,0,0,61,85,0,0,36,0
2021-08-16,August,33,Monday,5,0,22,14,36,6,0,97,2,0,0,99,14,0,6,5,3,25,0,49,45,0,0,23,47
2021-08-16,August,33,Monday,6,1,103,19,123,35,24,403,27,4,4,438,28,5,9,8,7,31,39,62,54,47,57,55,52
2021-08-16,August,33,Monday,7,2,177,45,224,55,12,2111,93,20,17,2241,74,15,8,7,10,32,46,71,73,67,62,68,55
2021-08-16,August,33,Monday,8,0,168,43,211,57,24,2861,240,62,68,3231,109,0,7,5,4,29,57,69,64,62,60,63,54
2021-08-16,August,33,Monday,9,0,84,29,113,16,54,3784,410,72,127,4393,95,0,6,8,4,28,51,66,60,62,52,60,56
2021-08-16,August,33,Monday,10,0,61,22,83,7,98,2860,423,81,121,3485,94,0,6,6,4,27,48,67,61,58,53,59,57
2021-08-16,August,33,Monday,11,0,59,8,67,12,45,3233,342,62,150,3787,57,0,5,5,3,25,46,69,62,65,56,63,60
2021-08-16,August,33,Monday,12,0,41,9,50,3,97,3188,351,59,115,3713,75,0,8,5,4,25,57,69,63,62,60,63,58
2021-08-16,August,33,Monday,13,3,34,7,44,3,184,3728,290,92,85,4195,62,15,9,5,9,25,60,69,64,63,59,63,60
2021-08-16,August,33,Monday,14,0,65,14,79,3,128,4107,370,108,105,4690,60,0,6,5,3,35,59,69,58,61,55,60,59
2021-08-16,August,33,Monday,15,3,49,39,91,3,117,4011,321,75,102,4509,54,5,6,7,6,15,53,72,62,61,44,59,61
2021-08-16,August,33,Monday,16,0,73,57,130,11,89,4134,329,113,99,4675,78,0,7,8,5,26,49,70,64,57,58,62,60
2021-08-16,August,33,Monday,17,0,129,39,168,22,123,4360,359,93,71,4883,97,0,7,5,4,29,45,70,62,62,57,62,56
2021-08-16,August,33,Monday,18,1,105,64,170,37,99,4925,326,77,42,5370,107,15,6,5,8,30,39,64,59,60,53,59,52
2021-08-16,August,33,Monday,19,1,97,67,165,49,86,3487,197,26,23,3733,73,5,8,6,6,35,44,61,56,55,48,55,49
2021-08-16,August,33,Monday,20,0,90,54,144,14,54,2287,104,16,15,2422,41,0,8,5,4,34,42,62,61,59,51,58,53
2021-08-16,August,33,Monday,21,9,51,54,114,5,18,1370,50,15,8,1443,38,5,6,5,5,33,42,60,61,51,56,57,53
2021-08-16,August,33,Monday,22,13,108,34,155,5,20,857,23,2,3,885,28,5,6,5,5,29,41,59,52,65,48,56,48
2021-08-16,August,33,Monday,23,1,22,8,31,0,1,37,2,0,0,39,0,5,5,5,5,0,45,56,35,0,0,22,0
2021-08-17,August,33,Tuesday,5,0,18,6,24,0,8,80,4,2,0,86,20,0,11,8,6,0,45,44,70,45,0,39,46
2021-08-17,August,33,Tuesday,6,0,90,6,96,41,21,434,21,2,8,465,28,0,13,5,6,38,34,59,60,45,60,56,52
2021-08-17,August,33,Tuesday,7,0,240,19,259,119,24,1861,109,15,6,1991,71,0,10,7,5,33,48,69,69,65,65,67,56
2021-08-17,August,33,Tuesday,8,0,132,42,174,127,31,2357,232,49,52,2690,80,0,7,6,4,30,56,73,68,65,58,66,57
2021-08-17,August,33,Tuesday,9,0,62,24,86,26,50,2319,314,41,95,2769,70,0,7,5,4,30,49,72,66,67,56,65,60
2021-08-17,August,33,Tuesday,10,1,94,28,123,6,48,1795,242,59,100,2196,65,15,5,5,8,31,46,70,59,65,55,62,57
2021-08-17,August,33,Tuesday,11,0,135,17,152,6,54,2118,245,48,89,2500,33,0,5,5,3,28,45,68,63,66,51,62,62
2021-08-17,August,33,Tuesday,12,0,77,12,89,30,72,3321,322,75,137,3855,63,0,5,5,3,24,46,67,61,58,51,59,54
2021-08-17,August,33,Tuesday,13,0,48,25,73,6,105,4020,347,68,108,4543,66,0,5,5,3,40,46,66,63,55,53,59,60
2021-08-17,August,33,Tuesday,14,0,55,8,63,2,131,4295,265,105,109,4774,66,0,5,5,3,25,37,62,57,57,51,56,62
2021-08-17,August,33,Tuesday,15,0,48,27,75,6,93,3925,405,111,126,4567,75,0,11,7,6,30,45,66,55,61,52,58,51
2021-08-17,August,33,Tuesday,16,9,155,42,206,12,93,4163,349,116,86,4714,90,5,8,8,7,25,45,51,46,42,53,48,59
2021-08-17,August,33,Tuesday,17,9,216,45,270,13,91,4559,428,104,97,5188,69,5,10,9,8,12,36,48,41,40,39,42,58
2021-08-17,August,33,Tuesday,18,7,159,98,264,56,117,5085,430,71,28,5614,113,9,8,5,7,31,41,66,60,58,52,59,58
2021-08-17,August,33,Tuesday,19,6,162,94,262,50,186,4477,237,42,27,4783,94,5,7,6,6,30,56,72,70,63,54,64,60
2021-08-17,August,33,Tuesday,20,3,160,60,223,21,90,2607,140,54,15,2816,56,5,8,5,6,25,49,67,65,68,53,63,53
2021-08-17,August,33,Tuesday,21,0,80,63,143,10,33,1394,45,19,7,1465,42,0,6,5,3,35,45,63,65,59,46,58,51
2021-08-17,August,33,Tuesday,22,0,77,37,114,4,30,761,26,2,9,798,21,0,8,5,4,30,42,67,72,60,50,62,53
2021-08-17,August,33,Tuesday,23,0,2,5,7,0,0,62,0,0,0,62,0,0,5,5,3,0,0,62,0,0,0,15,0
2021-08-18,August,33,Wednesday,5,0,66,4,70,4,3,89,0,2,0,91,20,0,9,5,4,35,38,49,0,55,0,26,46
2021-08-18,August,33,Wednesday,6,4,97,13,114,46,29,408,24,2,4,438,36,5,14,6,8,26,31,60,55,35,35,46,53
2021-08-18,August,33,Wednesday,7,0,201,21,222,86,16,1783,87,18,25,1913,63,0,10,9,6,30,43,71,70,68,54,65,59
2021-08-18,August,33,Wednesday,8,2,113,45,160,111,22,2185,202,48,74,2509,93,5,8,7,6,33,55,75,71,73,56,68,59
2021-08-18,August,33,Wednesday,9,0,55,11,66,30,36,2234,257,36,82,2609,60,0,6,5,3,29,51,74,67,66,59,66,63
2021-08-18,August,33,Wednesday,10,0,26,5,31,8,22,1043,139,28,51,1261,34,0,8,7,5,27,50,70,61,67,59,64,58
2021-08-18,August,33,Wednesday,11,1,20,8,29,4,16,1033,121,27,46,1227,18,5,7,8,6,20,45,71,64,67,62,66,59
2021-08-18,August,33,Wednesday,12,2,23,8,33,4,56,2017,205,35,66,2323,42,5,5,5,5,15,63,66,59,58,56,59,56
2021-08-18,August,33,Wednesday,13,0,113,4,117,13,83,2718,215,94,64,3091,40,0,6,5,3,21,52,70,64,63,58,63,61
2021-08-18,August,33,Wednesday,14,0,58,4,62,2,90,2474,203,87,54,2818,44,0,5,5,3,35,49,72,64,63,57,64,62
2021-08-18,August,33,Wednesday,15,3,39,14,56,2,80,2798,226,73,74,3171,44,5,9,9,7,25,50,71,63,61,52,61,59
2021-08-18,August,33,Wednesday,16,0,30,34,64,10,72,2894,219,64,66,3243,48,0,9,7,5,23,52,67,59,64,54,61,57
2021-08-18,August,33,Wednesday,17,2,110,26,138,20,61,3044,251,77,59,3431,55,5,8,5,6,25,44,67,59,59,56,60,56
2021-08-18,August,33,Wednesday,18,2,93,28,123,24,82,3338,235,46,23,3642,64,5,7,8,6,30,46,67,63,58,55,60,59
2021-08-18,August,33,Wednesday,19,2,106,46,154,30,116,3310,188,22,18,3538,60,5,7,5,5,39,53,67,62,58,68,63,61
2021-08-18,August,33,Wednesday,20,0,101,35,136,18,71,2339,101,23,10,2473,46,0,10,5,5,30,51,65,64,67,51,61,51
2021-08-18,August,33,Wednesday,21,7,104,75,186,6,33,1540,35,8,14,1597,38,5,8,5,6,46,43,59,61,70,52,60,49
2021-08-18,August,33,Wednesday,22,2,43,13,58,6,19,931,38,2,1,972,27,5,10,5,6,38,42,60,67,60,35,55,49
2021-08-18,August,33,Wednesday,23,0,4,2,6,0,0,93,2,0,0,95,0,0,5,5,3,0,0,60,75,0,0,33,0
2021-08-19,August,33,Thursday,5,0,25,6,31,11,4,94,0,0,8,102,18,0,16,5,7,35,30,46,0,0,37,20,52
2021-08-19,August,33,Thursday,6,0,104,28,132,31,26,402,17,4,11,434,28,0,19,7,8,31,36,56,55,52,43,51,54
2021-08-19,August,33,Thursday,7,2,202,29,233,118,35,1825,102,4,18,1949,68,5,8,8,7,31,41,72,68,85,51,69,59
2021-08-19,August,33,Thursday,8,0,80,24,104,74,32,2350,214,48,50,2662,79,0,8,6,4,34,55,73,65,65,57,65,57
2021-08-19,August,33,Thursday,9,0,58,21,79,23,52,2212,255,34,70,2571,78,0,9,5,4,32,54,71,63,74,58,66,57
2021-08-19,August,33,Thursday,10,0,26,6,32,2,32,1866,262,38,55,2221,56,0,7,8,5,35,46,72,63,68,59,65,59
2021-08-19,August,33,Thursday,11,0,48,19,67,6,54,2078,194,37,65,2374,40,0,5,6,3,21,48,71,65,69,53,64,58
2021-08-19,August,33,Thursday,12,0,33,5,38,10,40,2315,252,56,86,2709,40,0,10,9,6,39,53,71,62,62,59,63,61
2021-08-19,August,33,Thursday,13,0,42,2,44,0,108,2632,247,44,76,2999,38,0,6,5,3,0,52,75,67,71,60,68,65
2021-08-19,August,33,Thursday,14,0,23,10,33,4,94,2759,218,64,72,3113,40,0,10,5,5,30,50,74,64,67,58,65,67
2021-08-19,August,33,Thursday,15,0,45,17,62,4,94,2766,175,64,85,3090,42,0,5,6,3,35,48,74,64,68,52,64,61
2021-08-19,August,33,Thursday,16,0,69,26,95,12,96,2940,222,33,52,3247,58,0,7,5,4,26,50,69,61,55,61,61,57
2021-08-19,August,33,Thursday,17,6,83,21,110,17,103,3076,221,73,64,3434,58,5,7,5,5,32,44,66,58,58,52,58,54
2021-08-19,August,33,Thursday,18,0,68,23,91,20,95,3410,218,51,31,3710,53,0,9,9,6,33,45,63,56,55,47,55,54
2021-08-19,August,33,Thursday,19,6,99,34,139,19,119,3293,145,49,14,3501,67,5,6,5,5,31,56,66,63,61,47,59,59
2021-08-19,August,33,Thursday,20,4,127,57,188,9,88,2532,99,13,22,2666,35,5,10,6,7,39,53,65,67,69,42,60,57
2021-08-19,August,33,Thursday,21,1,116,38,155,23,34,1517,47,16,10,1590,40,5,9,6,6,30,39,60,61,53,48,55,49
2021-08-19,August,33,Thursday,22,1,101,31,133,3,15,943,31,1,5,980,31,5,8,6,6,45,45,60,64,65,47,59,47
2021-08-19,August,33,Thursday,23,0,0,5,5,0,1,79,2,0,0,81,0,0,0,5,1,0,65,60,45,0,0,26,0
2021-08-20,August,33,Friday,5,0,25,0,25,4,11,101,4,0,0,105,18,0,14,0,4,35,30,46,55,0,0,25,43
2021-08-20,August,33,Friday,6,0,64,17,81,29,22,366,27,7,12,412,34,0,13,6,6,30,35,58,52,56,46,53,49
2021-08-20,August,33,Friday,7,1,206,32,239,82,21,1471,86,25,27,1609,70,5,8,6,6,30,41,70,74,68,57,67,55
2021-08-20,August,33,Friday,8,1,92,35,128,63,30,2001,203,32,33,2269,74,5,7,5,5,35,60,75,68,65,59,66,57
2021-08-20,August,33,Friday,9,1,38,23,62,26,56,2201,255,57,73,2586,70,5,8,5,6,35,54,73,65,72,57,66,59
2021-08-20,August,33,Friday,10,0,59,22,81,13,50,1998,257,55,80,2390,68,0,6,8,4,31,45,74,68,65,54,65,61
2021-08-20,August,33,Friday,11,2,28,20,50,12,60,2084,269,54,107,2514,38,5,10,8,7,24,44,74,68,70,58,67,62
2021-08-20,August,33,Friday,12,1,81,14,96,11,90,3373,280,103,128,3884,67,15,8,5,9,30,65,71,62,62,55,62,60
2021-08-20,August,33,Friday,13,0,69,15,84,5,254,4104,385,78,117,4684,54,0,6,6,4,13,49,71,62,64,55,63,64
2021-08-20,August,33,Friday,14,0,43,9,52,3,228,3813,324,110,135,4382,57,0,9,8,5,28,49,72,64,60,59,63,58
2021-08-20,August,33,Friday,15,0,33,25,58,29,195,3789,357,100,99,4345,63,0,11,6,5,30,47,73,65,63,60,65,59
2021-08-20,August,33,Friday,16,0,55,55,110,15,111,4334,342,103,105,4884,81,0,7,7,4,39,62,71,62,62,52,61,60
2021-08-20,August,33,Friday,17,0,144,29,173,27,148,4498,425,138,98,5159,85,0,6,9,5,25,46,71,65,65,62,65,60
2021-08-20,August,33,Friday,18,3,60,32,95,37,144,5076,353,105,71,5605,85,5,7,5,5,39,47,72,61,67,61,65,55
2021-08-20,August,33,Friday,19,3,116,57,176,42,180,4951,274,61,25,5311,81,15,6,7,9,44,62,69,67,58,59,63,57
2021-08-20,August,33,Friday,20,13,145,87,245,8,157,4213,178,29,37,4457,61,5,9,6,6,41,58,66,66,66,50,62,55
2021-08-20,August,33,Friday,21,0,99,66,165,5,43,2942,95,23,7,3067,51,0,9,6,5,39,48,61,62,55,67,61,52
2021-08-20,August,33,Friday,22,3,133,97,233,10,72,1793,43,7,11,1854,38,5,6,5,5,53,45,62,65,56,51,58,52
2021-08-20,August,33,Friday,23,0,0,2,2,0,5,74,0,0,0,74,3,0,0,5,1,0,49,59,0,0,0,14,61
2021-08-21,August,33,Saturday,5,0,7,0,7,3,6,92,0,1,3,96,10,0,10,0,3,21,51,48,0,55,55,39,44
2021-08-21,August,33,Saturday,6,0,56,13,69,14,12,259,24,2,6,291,35,0,10,7,5,30,35,51,60,55,48,53,47
2021-08-21,August,33,Saturday,7,1,173,30,204,69,14,482,49,11,20,562,57,5,9,8,7,29,48,63,56,68,38,56,48
2021-08-21,August,33,Saturday,8,0,110,24,134,197,28,1052,159,19,32,1262,62,0,9,7,5,31,52,69,62,68,63,65,50
2021-08-21,August,33,Saturday,9,0,66,23,89,133,34,1465,216,31,66,1778,48,0,10,6,5,30,48,72,64,66,62,66,59
2021-08-21,August,33,Saturday,10,5,170,11,186,125,47,1716,145,49,60,1970,38,5,7,5,5,25,47,69,60,63,49,60,56
2021-08-21,August,33,Saturday,11,0,83,13,96,25,72,1957,240,44,54,2295,44,0,6,7,4,25,42,72,64,65,56,64,55
2021-08-21,August,33,Saturday,12,0,64,21,85,38,139,3243,274,56,93,3666,56,0,7,8,5,26,64,72,66,67,56,65,55
2021-08-21,August,33,Saturday,13,3,96,42,141,20,240,4199,305,115,80,4699,57,8,8,5,7,23,51,74,68,69,59,67,65
2021-08-21,August,33,Saturday,14,0,66,30,96,5,275,3973,281,45,90,4389,78,0,7,7,4,27,48,76,69,64,57,66,65
2021-08-21,August,33,Saturday,15,0,46,18,64,6,277,3161,242,54,45,3502,60,0,7,5,4,30,51,76,72,56,59,65,64
2021-08-21,August,33,Saturday,16,0,54,36,90,7,219,3223,184,36,18,3461,93,0,6,5,3,40,64,76,67,71,53,66,52
2021-08-21,August,33,Saturday,17,0,76,26,102,6,99,2885,94,22,24,3025,80,0,7,5,4,33,53,76,68,70,65,69,52
2021-08-21,August,33,Saturday,18,0,56,47,103,22,95,2702,138,36,12,2888,72,0,6,8,4,29,48,74,62,66,46,62,50
2021-08-21,August,33,Saturday,19,0,130,42,172,36,171,3160,123,15,24,3322,60,0,6,5,3,43,59,71,70,69,57,66,48
2021-08-21,August,33,Saturday,20,5,84,73,162,7,87,2682,73,13,9,2777,42,5,8,5,6,30,52,69,68,61,41,59,57
2021-08-21,August,33,Saturday,21,8,150,41,199,2,37,1630,43,7,12,1692,32,5,8,5,6,55,52,63,64,62,51,60,50
2021-08-21,August,33,Saturday,22,0,74,49,123,4,15,1113,33,2,6,1154,19,0,10,5,5,45,42,63,64,65,61,63,52
2021-08-21,August,33,Saturday,23,0,2,6,8,0,1,96,4,0,0,100,0,0,35,8,14,0,15,64,70,0,0,33,0
2021-08-22,August,33,Sunday,5,0,14,0,14,4,2,160,4,0,2,166,0,0,5,0,1,15,55,47,45,0,15,26,0
2021-08-22,August,33,Sunday,6,0,44,2,46,2,2,155,6,2,2,165,12,0,6,5,3,65,45,58,48,55,25,46,56
2021-08-22,August,33,Sunday,7,4,49,14,67,33,14,273,24,2,8,307,19,10,8,6,8,28,46,58,63,55,32,52,50
2021-08-22,August,33,Sunday,8,2,63,15,80,157,21,338,28,11,12,389,26,15,9,6,10,27,35,53,45,52,44,48,44
2021-08-22,August,33,Sunday,9,1,114,30,145,179,41,403,24,17,2,446,24,5,10,5,6,22,38,54,50,41,65,52,45
2021-08-22,August,33,Sunday,10,7,125,29,161,205,30,548,47,3,10,608,20,6,11,6,7,18,41,60,56,55,59,57,48
2021-08-22,August,33,Sunday,11,0,81,36,117,216,56,738,26,5,10,779,14,0,7,7,4,17,38,59,57,53,51,55,52
2021-08-22,August,33,Sunday,12,4,41,13,58,116,56,1030,42,18,4,1094,22,5,6,11,7,21,47,58,55,57,45,53,49
2021-08-22,August,33,Sunday,13,6,48,8,62,21,133,1588,75,26,14,1703,21,8,6,5,6,22,42,69,57,66,49,60,58
2021-08-22,August,33,Sunday,14,2,41,15,58,9,210,1822,74,13,16,1925,19,5,5,5,5,30,46,73,65,67,61,66,55
2021-08-22,August,33,Sunday,15,0,26,12,38,14,221,1453,66,17,10,1546,23,0,5,5,3,34,57,70,61,60,56,61,55
2021-08-22,August,33,Sunday,16,0,32,2,34,5,162,1272,52,15,7,1346,23,0,8,5,4,75,70,70,65,77,56,67,51
2021-08-22,August,33,Sunday,17,2,31,22,55,5,53,797,29,10,3,839,16,5,6,5,5,51,61,70,68,65,35,59,48
2021-08-22,August,33,Sunday,18,0,34,17,51,11,43,879,37,8,3,927,16,0,6,5,3,36,46,72,65,75,58,67,45
2021-08-22,August,33,Sunday,19,3,85,61,149,50,131,2232,118,25,6,2381,32,5,8,6,6,52,63,69,69,67,56,65,49
2021-08-22,August,33,Sunday,20,12,117,51,180,12,143,2713,63,17,15,2808,46,5,6,5,5,37,53,67,63,66,35,57,54
2021-08-22,August,33,Sunday,21,16,139,95,250,9,87,1979,73,15,16,2083,39,5,7,5,5,48,46,64,69,61,39,58,51
2021-08-22,August,33,Sunday,22,56,315,127,498,4,29,1323,59,4,3,1389,26,5,5,5,5,50,45,65,55,47,5,43,50
2021-08-22,August,33,Sunday,23,0,9,0,9,0,3,90,0,0,0,90,6,0,11,0,3,0,21,66,0,0,0,16,45
2021-08-23,August,34,Monday,5,0,4,2,6,1,3,46,1,0,1,48,6,0,5,10,5,25,41,47,55,0,55,39,46
2021-08-23,August,34,Monday,6,0,47,10,57,12,7,191,12,3,2,208,15,0,13,12,8,31,30,60,47,45,50,50,55
2021-08-23,August,34,Monday,7,0,89,18,107,21,10,1036,52,5,14,1107,37,0,7,7,4,28,46,74,73,69,60,69,56
2021-08-23,August,34,Monday,8,0,54,19,73,22,19,1108,95,18,23,1244,39,0,6,6,4,32,52,74,73,70,56,68,59
2021-08-23,August,34,Monday,9,0,32,6,38,10,18,1264,118,26,31,1439,29,0,7,5,4,36,57,72,71,64,61,67,59
2021-08-23,August,34,Monday,10,0,25,12,37,4,16,953,123,34,47,1157,27,0,6,5,3,27,49,70,62,65,57,63,60
2021-08-23,August,34,Monday,11,0,24,6,30,5,19,1070,109,19,32,1230,21,0,8,6,4,29,45,76,67,72,58,68,62
2021-08-23,August,34,Monday,12,0,10,6,16,3,33,1017,116,35,33,1201,21,0,6,5,3,41,58,73,66,71,58,67,59
2021-08-23,August,34,Monday,13,0,18,4,22,0,31,1319,92,30,32,1473,20,0,5,5,3,0,55,75,66,68,57,66,64
2021-08-23,August,34,Monday,14,0,28,7,35,4,29,1336,105,26,35,1502,30,0,7,5,4,60,58,74,71,70,57,68,59
2021-08-23,August,34,Monday,15,0,19,6,25,5,47,1271,97,32,41,1441,24,0,8,8,5,37,51,74,67,65,49,63,63
2021-08-23,August,34,Monday,16,0,28,7,35,4,29,1336,105,26,35,1502,30,0,7,5,4,60,58,74,71,70,57,68,59
2021-08-23,August,34,Monday,17,0,49,10,59,12,32,1418,96,38,29,1581,24,0,6,7,4,32,50,72,65,63,63,65,58
2021-08-23,August,34,Monday,18,0,32,17,49,11,43,1674,101,20,18,1813,33,0,8,6,4,36,41,72,65,62,52,62,56
2021-08-23,August,34,Monday,19,1,62,34,97,17,57,1488,86,22,12,1608,35,15,7,6,9,41,52,69,66,71,50,64,56
2021-08-23,August,34,Monday,20,5,54,33,92,4,26,1173,49,9,5,1236,20,7,12,5,8,37,49,66,67,55,41,57,53
2021-08-23,August,34,Monday,21,8,45,24,77,3,21,697,25,8,3,733,20,6,7,5,6,38,45,65,62,53,51,57,55
2021-08-23,August,34,Monday,22,4,39,29,72,6,9,453,10,3,2,468,12,5,8,5,6,30,36,62,62,55,25,51,55
2021-08-23,August,34,Monday,23,1,2,4,7,0,0,35,1,0,0,36,1,5,5,5,5,0,0,64,65,0,0,32,35
2021-08-24,August,34,Tuesday,5,0,14,4,18,6,8,100,0,0,2,102,16,0,16,5,7,28,42,43,0,0,35,19,40
2021-08-24,August,34,Tuesday,6,0,81,8,89,17,14,452,22,2,13,489,31,0,12,11,7,36,36,60,56,25,49,47,52
2021-08-24,August,34,Tuesday,7,2,107,10,119,42,15,940,41,10,14,1005,38,10,9,5,8,30,46,72,72,70,56,67,56
2021-08-24,August,34,Tuesday,8,0,82,17,99,53,14,1332,105,31,35,1503,52,0,7,5,4,36,54,68,66,57,58,62,55
2021-08-24,August,34,Tuesday,12,0,52,9,61,7,87,2837,267,99,106,3309,58,0,8,8,5,26,63,72,67,65,46,62,58
2021-08-24,August,34,Tuesday,13,0,60,6,66,3,120,4026,324,89,117,4556,57,0,7,5,4,5,51,74,68,67,52,65,59
2021-08-24,August,34,Tuesday,14,0,37,9,46,24,123,4210,296,98,117,4721,69,0,12,7,6,25,50,77,67,66,63,68,62
2021-08-24,August,34,Tuesday,15,0,47,24,71,9,112,3890,247,72,108,4317,72,0,7,6,4,51,52,75,67,65,51,64,58
2021-08-24,August,34,Tuesday,16,3,58,38,99,26,91,4124,333,67,75,4599,82,5,9,7,7,44,58,73,65,64,61,65,58
2021-08-24,August,34,Tuesday,17,0,84,29,113,15,112,4428,324,124,116,4992,86,0,7,6,4,34,49,73,66,63,52,63,58
2021-08-24,August,34,Tuesday,18,0,92,53,145,70,94,5201,352,81,58,5692,96,0,7,6,4,32,41,71,65,65,58,64,57
2021-08-24,August,34,Tuesday,19,3,136,58,197,73,120,4682,218,54,28,4982,96,5,8,10,7,42,58,69,64,68,50,62,54
2021-08-24,August,34,Tuesday,20,8,165,74,247,32,101,3407,146,43,25,3621,68,5,10,5,6,33,52,67,66,62,51,61,54
2021-08-24,August,34,Tuesday,21,23,145,93,261,13,42,2207,94,27,12,2340,55,5,8,5,6,33,40,64,62,60,59,61,53
2021-08-24,August,34,Tuesday,22,12,148,116,276,31,22,1343,43,11,9,1406,36,5,7,5,5,23,44,62,60,63,48,58,52
2021-08-24,August,34,Tuesday,23,0,9,0,9,0,0,72,0,0,0,72,0,0,8,0,2,0,0,61,0,0,0,15,0
2021-08-25,August,34,Wednesday,5,0,11,2,13,4,2,60,4,2,0,66,8,0,13,5,6,32,30,46,45,30,0,30,45
2021-08-25,August,34,Wednesday,6,0,49,15,64,24,11,233,8,2,2,245,17,0,14,12,8,32,35,60,58,50,45,53,53
2021-08-25,August,34,Wednesday,7,0,87,8,95,72,10,916,39,7,10,972,34,0,8,5,4,30,45,75,72,77,57,70,56
2021-08-25,August,34,Wednesday,8,0,56,19,75,43,18,1028,120,12,31,1191,37,0,6,5,3,32,58,75,69,70,59,68,59
2021-08-25,August,34,Wednesday,9,1,44,21,66,19,23,1190,136,21,33,1380,33,5,6,6,5,29,47,77,70,70,57,68,65
2021-08-25,August,34,Wednesday,10,1,17,10,28,1,28,991,124,30,38,1183,30,5,7,5,5,35,52,73,64,70,52,64,62
2021-08-25,August,34,Wednesday,11,0,25,9,34,4,25,941,112,25,44,1122,20,0,6,10,5,22,47,71,65,62,56,63,63
2021-08-25,August,34,Wednesday,12,0,15,9,24,3,44,1106,95,27,36,1264,20,0,6,6,4,35,60,70,64,68,55,64,63
2021-08-25,August,34,Wednesday,13,1,20,9,30,2,64,1326,112,23,38,1499,20,5,5,8,6,20,53,72,66,59,57,63,62
2021-08-25,August,34,Wednesday,14,0,13,1,14,3,60,1317,105,31,33,1486,19,0,7,5,4,35,49,73,60,65,53,62,60
2021-08-25,August,34,Wednesday,15,2,26,3,31,4,56,1253,112,36,40,1441,24,10,6,5,7,22,53,69,61,56,55,60,52
2021-08-25,August,34,Wednesday,16,0,36,8,44,5,39,1523,98,24,41,1686,32,0,8,6,4,37,51,69,59,55,53,59,55
2021-08-25,August,34,Wednesday,17,0,39,13,52,15,42,1639,112,35,40,1826,31,0,7,5,4,24,40,72,66,60,60,64,53
2021-08-25,August,34,Wednesday,18,1,45,11,57,22,45,1714,106,23,15,1858,31,5,8,5,6,37,46,72,66,68,51,64,56
2021-08-25,August,34,Wednesday,19,8,107,50,165,21,83,2603,189,41,18,2851,47,7,7,6,6,32,52,70,64,61,57,63,62
2021-08-25,August,34,Wednesday,20,5,89,46,140,10,65,2620,123,12,10,2765,49,5,10,6,7,27,52,67,65,68,49,62,53
2021-08-25,August,34,Wednesday,21,31,111,40,182,2,22,1404,56,7,9,1476,31,8,6,6,6,40,43,63,64,55,60,60,52
2021-08-25,August,34,Wednesday,22,4,90,13,107,3,27,1076,12,9,7,1104,31,10,6,11,9,25,44,62,49,51,25,46,49
2021-08-25,August,34,Wednesday,23,0,2,4,6,0,1,92,2,0,0,94,1,0,5,5,3,0,35,64,45,0,0,27,65
2021-08-26,August,34,Thursday,5,0,13,3,16,0,14,99,2,2,0,103,14,0,17,5,7,0,32,49,35,65,0,37,48
2021-08-26,August,34,Thursday,6,2,95,12,109,37,26,442,16,2,11,471,33,5,17,11,11,32,36,58,57,40,47,50,52
2021-08-26,August,34,Thursday,7,0,198,24,222,126,31,1841,85,17,30,1973,69,0,7,12,6,33,48,72,75,80,52,69,57
2021-08-26,August,34,Thursday,8,4,90,38,132,79,30,2417,204,41,43,2705,82,10,7,6,7,37,55,74,69,60,59,65,55
2021-08-26,August,34,Thursday,9,4,90,32,126,23,44,2344,257,45,76,2722,69,10,7,5,7,30,44,72,66,67,58,65,61
2021-08-26,August,34,Thursday,10,2,25,10,37,15,26,2005,239,58,83,2385,48,15,5,5,8,35,51,72,64,68,55,64,64
2021-08-26,August,34,Thursday,11,0,29,12,41,2,30,1480,136,35,58,1709,28,0,7,5,4,45,63,71,63,63,52,62,60
2021-08-26,August,34,Thursday,12,4,42,16,62,4,64,2211,224,45,62,2542,36,10,6,7,7,30,45,76,71,70,57,68,62
2021-08-26,August,34,Thursday,13,0,34,2,36,2,111,2562,254,49,73,2938,39,0,9,5,4,25,47,76,67,66,68,69,63
2021-08-26,August,34,Thursday,14,0,49,12,61,7,82,2701,209,60,100,3070,40,0,6,5,3,27,47,78,70,68,53,67,64
2021-08-26,August,34,Thursday,15,0,26,7,33,4,105,2680,184,66,69,2999,49,0,6,7,4,60,54,74,67,66,51,64,58
2021-08-26,August,34,Thursday,16,1,27,11,39,4,48,1483,106,38,32,1659,22,5,9,7,7,32,54,74,64,63,47,62,59
2021-08-26,August,34,Thursday,17,1,21,8,30,9,50,1503,120,42,21,1686,34,5,6,5,5,35,43,74,64,65,57,65,59
2021-08-26,August,34,Thursday,18,2,33,27,62,6,51,1713,103,24,28,1868,33,10,8,7,8,35,45,74,70,69,62,68,54
2021-08-26,August,34,Thursday,19,28,112,49,189,25,102,2823,120,33,17,2993,54,5,8,5,6,41,60,72,69,67,57,66,57
2021-08-26,August,34,Thursday,20,17,107,56,180,19,49,2729,124,28,26,2907,50,10,9,6,8,27,45,66,60,56,48,57,54
2021-08-26,August,34,Thursday,21,5,88,51,144,27,42,1578,48,2,14,1642,39,5,13,5,7,35,39,63,66,45,55,57,53
2021-08-26,August,34,Thursday,22,2,48,9,59,6,14,1079,24,6,5,1114,27,5,8,9,7,53,45,64,61,61,47,58,54
2021-08-26,August,34,Thursday,23,0,4,8,12,0,0,70,2,0,2,74,1,0,5,5,3,0,0,61,75,0,45,45,25
2021-08-27,August,34,Friday,5,0,11,1,12,3,3,60,3,1,0,64,9,0,9,5,4,35,31,49,51,55,0,38,48
2021-08-27,August,34,Friday,6,0,37,12,49,8,7,157,10,2,2,171,16,0,13,6,6,23,37,61,54,40,55,52,53
2021-08-27,August,34,Friday,7,1,110,23,134,55,13,748,39,2,20,809,39,5,7,7,6,30,48,72,73,65,51,65,54
2021-08-27,August,34,Friday,8,0,39,10,49,39,22,996,69,29,25,1119,41,0,8,8,5,30,53,70,67,68,60,66,56
2021-08-27,August,34,Friday,9,0,27,5,32,6,22,1107,133,23,39,1302,31,0,8,7,5,35,54,70,65,68,57,65,59
2021-08-27,August,34,Friday,10,2,15,3,20,2,35,1031,113,33,54,1231,28,10,13,5,9,15,46,69,63,63,53,62,56
2021-08-27,August,34,Friday,11,0,14,9,23,3,23,1065,108,31,48,1252,20,0,8,9,5,41,45,72,67,68,56,65,59
2021-08-27,August,34,Friday,12,0,14,5,19,5,35,1161,109,26,36,1332,20,0,6,11,5,29,63,73,63,67,57,65,66
2021-08-27,August,34,Friday,13,0,20,4,24,1,66,1358,130,39,39,1566,20,0,9,7,5,5,58,76,69,67,59,67,69
2021-08-27,August,34,Friday,14,0,20,3,23,3,79,1406,108,36,37,1587,18,0,8,5,4,21,56,78,69,69,59,68,66
2021-08-27,August,34,Friday,15,0,10,12,22,8,74,1673,111,39,48,1871,27,0,13,5,6,40,56,74,63,67,50,63,61
2021-08-27,August,34,Friday,16,2,44,22,68,23,91,2971,245,71,74,3361,57,5,6,7,6,34,47,74,65,71,59,67,58
2021-08-27,August,34,Friday,17,1,70,25,96,36,154,3193,278,78,59,3608,54,5,7,6,6,28,46,72,68,69,59,67,59
2021-08-27,August,34,Friday,18,6,64,30,100,8,123,3195,244,45,23,3507,81,6,7,6,6,35,48,74,68,65,67,68,58
2021-08-27,August,34,Friday,19,6,129,54,189,26,184,4618,240,42,31,4931,82,5,8,6,6,31,55,71,68,59,49,61,65
2021-08-27,August,34,Friday,20,3,149,62,214,6,104,4580,156,36,24,4796,63,5,8,5,6,20,49,64,65,56,47,58,54
2021-08-27,August,34,Friday,21,3,154,33,190,9,65,3064,92,17,10,3183,63,5,7,5,5,40,44,61,57,53,62,58,45
2021-08-27,August,34,Friday,22,3,82,55,140,10,32,1942,45,5,13,2005,37,5,10,5,6,39,44,62,59,45,45,52,49
2021-08-27,August,34,Friday,23,0,0,3,3,1,3,130,2,0,0,132,0,0,0,5,1,35,38,63,65,0,0,32,0
2021-08-28,August,34,Saturday,5,0,4,0,4,2,3,63,4,1,0,68,6,0,5,0,1,10,38,48,57,65,0,42,45
2021-08-28,August,34,Saturday,6,0,36,6,42,1,3,127,12,0,3,142,12,0,8,10,6,45,35,60,55,0,58,43,52
2021-08-28,August,34,Saturday,7,0,97,18,115,48,14,272,26,5,8,311,25,0,9,13,7,29,49,65,57,53,65,60,54
2021-08-28,August,34,Saturday,8,1,39,20,60,69,13,540,69,9,22,640,32,5,7,5,5,30,51,66,62,56,57,60,50
2021-08-28,August,34,Saturday,9,0,33,11,44,75,23,785,86,10,28,909,24,0,10,5,5,34,55,68,63,72,58,65,55
2021-08-28,August,34,Saturday,10,0,25,6,31,24,29,853,121,17,32,1023,22,0,11,8,6,30,49,67,59,57,49,58,54
2021-08-28,August,34,Saturday,11,3,24,8,35,25,32,1022,121,15,33,1191,17,5,7,6,6,29,45,71,65,71,58,66,61
2021-08-28,August,34,Saturday,12,1,25,4,30,13,54,1202,110,21,33,1366,22,5,6,5,5,27,57,73,65,70,64,68,58
2021-08-28,August,34,Saturday,13,0,30,17,47,6,102,1391,101,28,25,1545,23,0,9,7,5,28,47,75,65,72,58,67,63
2021-08-28,August,34,Saturday,14,1,22,12,35,3,129,1312,90,19,17,1438,29,5,7,9,7,25,46,77,72,71,54,68,63
2021-08-28,August,34,Saturday,15,0,24,15,39,6,104,1272,113,17,16,1418,32,0,7,7,4,26,51,76,70,66,60,68,58
2021-08-28,August,34,Saturday,16,7,93,41,141,14,124,2139,132,20,21,2312,60,5,7,5,5,32,52,76,69,61,47,63,55
2021-08-28,August,34,Saturday,17,3,46,29,78,24,109,2031,88,10,14,2143,57,5,6,6,5,30,47,76,69,65,48,64,52
2021-08-28,August,34,Saturday,18,0,47,30,77,31,81,1972,65,8,14,2059,52,0,6,6,4,24,45,75,67,48,40,57,49
2021-08-28,August,34,Saturday,19,12,78,37,127,23,151,2117,69,15,21,2222,36,7,8,5,6,42,58,72,72,70,43,64,52
2021-08-28,August,34,Saturday,20,2,76,25,103,7,65,1959,68,14,10,2051,35,5,10,5,6,33,59,66,66,66,50,62,50
2021-08-28,August,34,Saturday,21,2,97,36,135,5,53,1792,45,12,8,1857,33,5,6,6,5,49,44,60,57,60,46,55,46
2021-08-28,August,34,Saturday,22,2,92,15,109,9,30,1139,27,4,8,1178,19,5,5,6,5,47,49,61,58,57,47,55,52
2021-08-28,August,34,Saturday,23,0,6,2,8,0,1,107,2,0,0,109,2,0,5,5,3,0,35,55,55,0,0,27,45
2021-08-29,August,34,Sunday,5,1,5,2,8,0,1,63,4,1,1,69,0,5,5,5,5,0,55,53,40,65,75,58,0
2021-08-29,August,34,Sunday,6,0,16,0,16,3,3,93,5,1,1,100,3,0,10,0,3,25,25,56,67,55,35,53,41
2021-08-29,August,34,Sunday,7,2,40,3,45,16,6,150,10,2,3,165,12,10,9,8,9,26,38,57,51,65,38,52,51
2021-08-29,August,34,Sunday,8,0,28,11,39,59,16,183,14,3,6,206,14,0,9,8,5,27,47,55,50,41,46,48,52
2021-08-29,August,34,Sunday,9,3,51,14,68,89,14,250,23,7,4,284,13,5,7,8,6,23,42,60,52,46,70,57,50
2021-08-29,August,34,Sunday,10,5,47,28,80,141,25,332,17,6,3,358,12,11,6,7,8,18,40,62,56,51,61,57,54
2021-08-29,August,34,Sunday,11,1,26,15,42,140,32,373,30,3,5,411,11,5,8,6,6,18,42,61,56,61,55,58,56
2021-08-29,August,34,Sunday,12,6,34,29,69,83,39,519,24,4,3,550,14,5,7,6,6,19,44,53,48,57,31,47,43
2021-08-29,August,34,Sunday,13,0,25,5,30,23,72,760,52,5,6,823,15,0,8,5,4,25,46,70,60,59,55,61,55
2021-08-29,August,34,Sunday,14,8,24,5,37,5,108,864,38,6,4,912,11,5,7,5,5,11,46,74,70,83,52,69,52
2021-08-29,August,34,Sunday,15,4,28,5,37,13,125,944,50,13,9,1016,20,7,5,5,5,38,50,73,66,48,55,60,51
2021-08-29,August,34,Sunday,16,0,15,11,26,5,63,961,46,4,7,1018,15,0,6,5,3,41,66,74,67,72,57,67,53
2021-08-29,August,34,Sunday,17,3,17,14,34,0,42,837,44,5,3,889,17,5,5,5,5,0,53,74,68,67,48,64,50
2021-08-29,August,34,Sunday,18,8,27,20,55,5,61,923,34,2,1,960,18,5,6,7,6,31,47,76,69,70,35,62,50
2021-08-29,August,34,Sunday,19,1,43,12,56,18,120,1475,57,5,15,1552,30,5,7,5,5,37,60,72,65,69,43,62,54
2021-08-29,August,34,Sunday,20,4,64,28,96,11,76,1647,38,13,5,1703,32,5,10,6,7,48,60,64,67,54,69,63,44
2021-08-29,August,34,Sunday,21,7,94,23,124,6,40,1187,24,1,8,1220,24,5,7,5,5,45,49,63,69,65,58,63,53
2021-08-29,August,34,Sunday,22,2,28,10,40,4,16,701,13,1,0,715,22,5,7,5,5,30,44,64,65,25,0,38,51
2021-08-29,August,34,Sunday,23,0,12,1,13,0,1,48,1,0,0,49,0,0,5,5,3,0,55,60,45,0,0,26,0
2021-08-30,August,35,Monday,5,0,5,2,7,1,0,49,0,0,1,50,12,0,9,5,4,45,0,47,0,0,45,23,46
2021-08-30,August,35,Monday,6,1,31,6,38,5,5,275,8,2,4,289,11,5,8,5,6,27,53,60,56,40,50,51,52
2021-08-30,August,35,Monday,7,0,91,13,104,13,10,1236,47,5,17,1305,38,0,8,6,4,30,44,71,70,59,65,66,54
2021-08-30,August,35,Monday,8,1,40,30,71,15,15,1576,116,19,29,1740,37,5,7,5,5,30,57,75,72,70,59,69,65
2021-08-30,August,35,Monday,9,2,30,11,43,9,23,1542,139,18,41,1740,35,5,6,7,6,41,55,72,66,68,61,66,62
2021-08-30,August,35,Monday,10,0,11,2,13,2,13,1158,135,26,31,1350,28,0,5,10,5,25,71,79,67,66,61,68,66
2021-08-30,August,35,Monday,11,0,17,10,27,0,25,1239,95,25,44,1403,18,0,5,6,3,0,49,77,69,74,53,68,62
2021-08-30,August,35,Monday,12,1,17,11,29,1,38,1142,102,29,38,1311,24,5,6,5,5,25,66,73,69,68,54,66,62
2021-08-30,August,35,Monday,13,0,25,6,31,2,29,1234,110,32,36,1412,17,0,6,5,3,30,57,77,71,68,61,69,64
2021-08-30,August,35,Monday,14,1,27,14,42,2,41,1333,130,27,46,1536,22,5,10,6,7,25,48,78,69,66,61,68,61
2021-08-30,August,35,Monday,15,0,16,15,31,6,76,1800,127,52,78,2057,30,0,7,5,4,41,58,76,67,63,56,65,63
2021-08-30,August,35,Monday,16,2,54,32,88,9,56,2710,224,70,104,3108,58,5,7,5,5,32,60,76,65,68,52,65,55
2021-08-30,August,35,Monday,17,9,67,27,103,18,84,3037,259,56,51,3403,49,7,6,7,6,18,49,76,69,62,61,67,56
2021-08-30,August,35,Monday,18,1,90,36,127,8,112,3271,205,61,28,3565,62,5,6,8,6,22,45,76,71,69,60,69,58
2021-08-30,August,35,Monday,19,8,110,37,155,15,70,3211,157,37,24,3429,61,5,8,7,6,42,53,74,68,69,62,68,62
2021-08-30,August,35,Monday,20,8,117,60,185,8,31,2202,86,23,17,2328,55,5,7,5,5,26,46,64,66,64,56,62,52
2021-08-30,August,35,Monday,21,4,39,32,75,5,20,1402,35,7,5,1449,42,7,9,5,7,49,47,62,57,62,47,57,50
2021-08-30,August,35,Monday,22,0,62,34,96,2,14,820,15,7,3,845,24,0,7,5,4,20,41,64,66,53,65,62,54
2021-08-30,August,35,Monday,23,0,15,5,20,0,0,53,2,0,0,55,2,0,5,5,3,0,0,61,110,0,0,42,65
2021-09-01,September,35,Wednesday,5,0,12,0,12,1,3,56,3,0,0,59,9,0,10,0,3,15,25,51,51,0,0,25,50
2021-09-01,September,35,Wednesday,6,0,43,14,57,9,7,236,12,2,2,252,15,0,11,7,6,26,35,63,51,55,65,58,55
2021-09-01,September,35,Wednesday,7,0,80,14,94,31,10,1376,61,9,15,1461,39,0,9,7,5,32,42,72,69,67,57,66,52
2021-09-01,September,35,Wednesday,8,0,25,25,50,33,18,1261,112,21,21,1415,38,0,7,5,4,35,57,74,68,75,56,68,55
2021-09-01,September,35,Wednesday,9,0,24,12,36,17,21,1309,133,29,58,1529,35,0,6,5,3,30,52,73,68,65,58,66,64
2021-09-01,September,35,Wednesday,10,0,18,8,26,9,21,1438,130,38,54,1660,30,0,7,5,4,29,47,71,63,66,57,64,61
2021-09-01,September,35,Wednesday,11,0,12,10,22,2,24,1752,133,36,39,1960,19,0,8,9,5,25,45,74,66,66,49,63,65
2021-09-01,September,35,Wednesday,12,0,6,2,8,7,28,1315,98,29,45,1487,22,0,6,10,5,33,68,74,66,69,57,66,58
2021-09-01,September,35,Wednesday,13,0,38,8,46,6,40,1525,128,44,51,1748,18,0,7,5,4,28,57,75,70,72,56,68,63
2021-09-01,September,35,Wednesday,14,0,20,5,25,3,61,1752,121,32,39,1944,20,0,9,5,4,45,46,78,71,66,59,68,67
2021-09-01,September,35,Wednesday,15,1,8,17,26,1,61,1551,103,33,61,1748,25,5,8,6,6,35,51,77,68,68,60,68,62
2021-09-01,September,35,Wednesday,16,1,16,19,36,9,52,1605,115,33,39,1792,29,5,6,6,5,45,51,73,67,68,57,66,58
2021-09-01,September,35,Wednesday,17,0,22,7,29,10,45,1690,117,38,32,1877,28,0,5,5,3,33,44,73,69,70,59,67,55
2021-09-01,September,35,Wednesday,18,0,26,11,37,11,36,1867,109,25,19,2020,30,0,5,6,3,32,45,73,68,63,68,68,64
2021-09-01,September,35,Wednesday,19,0,56,17,73,13,45,1802,96,23,12,1933,36,0,7,7,4,32,53,72,67,64,64,66,59
2021-09-01,September,35,Wednesday,20,2,54,18,74,3,19,1264,54,8,8,1334,23,5,7,6,6,35,48,63,67,67,53,62,52
2021-09-01,September,35,Wednesday,21,1,35,15,51,2,13,740,28,3,4,775,21,5,8,5,6,30,45,62,62,65,42,57,49
2021-09-01,September,35,Wednesday,22,1,38,12,51,2,9,532,13,0,2,547,12,5,5,5,5,35,47,63,60,0,60,45,51
2021-09-01,September,35,Wednesday,23,0,1,0,1,0,0,31,1,0,0,32,0,0,5,0,1,0,0,63,45,0,0,27,0
2021-09-02,September,35,Thursday,5,0,7,0,7,2,3,63,3,1,0,67,7,0,10,0,3,25,35,43,41,75,0,39,50
2021-09-02,September,35,Thursday,6,0,61,4,65,13,5,271,13,4,4,292,15,0,14,15,9,35,47,62,64,57,57,60,51
2021-09-02,September,35,Thursday,7,0,110,16,126,59,14,1664,51,10,8,1733,40,0,9,6,5,34,49,61,66,62,46,58,48
2021-09-02,September,35,Thursday,8,4,58,26,88,25,25,1615,97,30,30,1772,37,7,7,5,6,34,55,71,67,66,59,65,51
2021-09-02,September,35,Thursday,9,0,32,8,40,22,20,1298,129,23,42,1492,32,0,5,6,3,35,54,74,70,73,57,68,62
2021-09-02,September,35,Thursday,10,0,27,11,38,4,24,1466,98,22,36,1622,29,0,5,5,3,30,49,69,60,62,49,60,62
2021-09-02,September,35,Thursday,11,1,34,7,42,3,24,1907,109,24,42,2082,22,5,7,5,5,28,39,67,65,62,57,62,60
2021-09-02,September,35,Thursday,12,0,27,13,40,4,62,2482,211,55,92,2840,37,0,7,8,5,30,67,74,64,66,56,65,60
2021-09-02,September,35,Thursday,13,0,49,16,65,7,111,2868,227,54,91,3240,34,0,7,6,4,47,56,77,69,73,60,69,67
2021-09-02,September,35,Thursday,14,0,123,4,127,11,105,3291,212,52,79,3634,36,0,7,10,5,24,50,73,65,64,49,62,64
2021-09-02,September,35,Thursday,15,0,77,10,87,4,122,2926,264,86,66,3342,50,0,15,7,7,25,46,70,61,62,52,61,60
2021-09-02,September,35,Thursday,16,0,42,21,63,26,86,3289,222,64,105,3680,64,0,7,7,4,29,54,71,67,59,57,63,52
2021-09-02,September,35,Thursday,17,1,38,10,49,24,79,3292,254,100,55,3701,55,5,10,6,7,25,47,75,68,69,55,66,56
2021-09-02,September,35,Thursday,18,6,59,40,105,22,109,3873,257,42,39,4211,64,5,7,6,6,25,45,74,67,67,58,66,65
2021-09-02,September,35,Thursday,19,1,99,43,143,126,158,3638,173,52,23,3886,56,5,7,7,6,19,56,73,69,62,61,66,62
2021-09-02,September,35,Thursday,20,0,129,42,171,54,23,2596,101,21,19,2737,57,0,10,5,5,14,50,61,64,55,44,56,52
2021-09-02,September,35,Thursday,21,3,53,17,73,6,18,1594,45,10,10,1659,41,5,11,5,7,55,50,62,62,71,57,63,53
2021-09-02,September,35,Thursday,22,3,32,23,58,1,7,574,22,2,4,602,12,5,5,6,5,55,43,66,68,65,57,64,53
2021-09-02,September,35,Thursday,23,0,1,0,1,0,0,28,1,0,0,29,1,0,5,0,1,0,0,63,65,0,0,32,65
2021-09-03,September,35,Friday,5,1,15,3,19,1,8,59,1,0,0,60,8,5,13,8,8,45,35,48,85,0,0,33,46
2021-09-03,September,35,Friday,6,0,41,10,51,16,7,237,13,1,4,255,13,0,13,8,7,31,30,60,54,45,42,50,53
2021-09-03,September,35,Friday,7,1,100,18,119,34,9,1666,57,9,19,1751,39,5,6,8,6,32,40,60,64,66,51,60,48
2021-09-03,September,35,Friday,8,1,44,25,70,39,20,1393,106,22,26,1547,43,15,6,6,9,35,59,72,71,67,65,68,57
2021-09-03,September,35,Friday,9,0,22,6,28,13,26,1340,144,23,47,1554,32,0,7,6,4,35,51,77,70,69,59,68,63
2021-09-03,September,35,Friday,10,0,9,6,15,3,20,1585,120,32,50,1787,25,0,8,6,4,25,49,68,63,64,52,61,66
2021-09-03,September,35,Friday,11,0,25,15,40,4,25,1984,132,48,46,2210,24,0,7,8,5,17,41,68,65,62,56,62,57
2021-09-03,September,35,Friday,12,0,11,4,15,5,42,1392,119,36,44,1591,23,0,6,7,4,39,68,74,65,65,58,65,56
2021-09-03,September,35,Friday,13,1,24,10,35,5,69,1690,139,37,55,1921,18,5,8,6,6,25,54,72,63,67,65,66,61
2021-09-03,September,35,Friday,14,1,27,14,42,6,58,1839,111,25,43,2018,22,5,7,6,6,25,45,72,67,68,51,64,65
2021-09-03,September,35,Friday,15,0,25,12,37,3,68,1401,131,48,32,1612,18,0,7,5,4,35,54,75,67,71,60,68,56
2021-09-03,September,35,Friday,16,1,21,23,45,4,64,1568,143,39,36,1786,30,5,5,6,5,27,57,76,68,67,58,67,62
2021-09-03,September,35,Friday,17,1,26,16,43,5,48,1613,142,32,29,1816,30,15,9,5,9,21,46,73,68,71,61,68,60
2021-09-03,September,35,Friday,18,0,27,21,48,10,70,1695,130,26,20,1871,36,0,13,9,7,32,47,74,70,67,61,68,60
2021-09-03,September,35,Friday,19,6,50,45,101,5,144,2942,125,29,15,3111,43,5,8,7,6,45,66,71,67,72,64,68,58
2021-09-03,September,35,Friday,20,6,77,47,130,5,39,3067,115,27,24,3233,49,8,10,7,8,39,53,61,61,57,57,59,55
2021-09-03,September,35,Friday,21,5,79,57,141,0,23,2067,41,9,3,2120,46,5,6,5,5,0,44,60,59,59,55,58,48
2021-09-03,September,35,Friday,22,2,45,32,79,8,23,1323,40,5,3,1371,29,5,8,5,6,36,41,63,61,75,71,67,49
2021-09-03,September,35,Friday,23,0,2,2,4,0,2,80,2,0,0,82,0,0,5,5,3,0,45,66,65,0,0,32,0
2021-09-04,September,35,Saturday,5,0,14,0,14,0,1,63,1,0,1,65,8,0,5,0,1,0,35,46,65,0,45,39,45
2021-09-04,September,35,Saturday,6,0,29,9,38,13,6,134,8,1,2,145,11,0,11,8,6,33,30,54,43,45,55,49,50
2021-09-04,September,35,Saturday,7,1,73,20,94,26,13,289,23,3,8,323,25,5,7,10,7,28,46,64,62,71,51,62,51
2021-09-04,September,35,Saturday,8,0,36,11,47,46,19,527,62,10,20,619,32,0,7,6,4,33,51,71,65,63,55,63,52
2021-09-04,September,35,Saturday,9,0,35,11,46,52,20,808,96,10,36,950,23,0,9,5,4,33,48,76,70,73,56,68,64
2021-09-04,September,35,Saturday,10,0,14,8,22,47,35,933,100,14,40,1087,22,0,10,8,6,31,50,75,68,75,57,68,63
2021-09-04,September,35,Saturday,11,2,17,9,28,21,30,1072,95,31,33,1231,18,5,8,7,6,33,44,76,69,69,60,68,64
2021-09-04,September,35,Saturday,12,0,10,5,15,7,56,1266,114,22,37,1439,19,0,11,9,6,40,67,76,67,61,62,66,65
2021-09-04,September,35,Saturday,13,3,31,9,43,9,89,1451,91,30,31,1603,22,11,6,5,7,31,57,75,68,71,55,67,70
2021-09-04,September,35,Saturday,14,0,27,8,35,13,116,1375,104,30,23,1532,29,0,7,7,4,32,49,79,68,65,66,69,67
2021-09-04,September,35,Saturday,15,1,25,23,49,8,77,1138,66,14,11,1229,21,5,7,6,6,23,54,74,68,72,52,66,65
2021-09-04,September,35,Saturday,16,1,13,8,22,9,74,1001,47,17,10,1075,27,5,8,7,6,50,60,75,71,66,61,68,60
2021-09-04,September,35,Saturday,17,1,29,13,43,2,60,970,55,15,8,1048,27,5,6,5,5,15,48,76,69,66,55,66,55
2021-09-04,September,35,Saturday,18,2,22,6,30,7,46,1038,60,7,7,1112,32,5,8,5,6,53,61,75,61,66,52,63,50
2021-09-04,September,35,Saturday,19,2,47,15,64,3,69,1079,29,7,7,1122,27,5,5,5,5,21,59,71,73,55,57,64,49
2021-09-04,September,35,Saturday,20,0,30,16,46,3,23,1149,26,3,3,1181,25,0,8,5,4,41,48,63,65,58,48,58,52
2021-09-04,September,35,Saturday,21,0,50,20,70,1,10,928,27,3,5,963,15,0,8,5,4,45,42,62,63,58,39,55,48
2021-09-04,September,35,Saturday,22,2,29,11,42,3,9,635,10,3,2,650,13,10,8,5,7,45,38,60,68,68,55,62,47
2021-09-04,September,35,Saturday,23,0,5,2,7,0,4,36,1,0,0,37,0,0,5,5,3,0,47,64,85,0,0,37,0
2021-09-05,September,35,Sunday,5,0,5,0,5,0,1,66,1,0,0,67,0,0,5,0,1,0,15,43,35,0,0,19,0
2021-09-05,September,35,Sunday,6,0,11,1,12,0,5,90,1,0,0,91,6,0,12,5,5,0,37,51,55,0,0,26,48
2021-09-05,September,35,Sunday,7,0,33,7,40,8,5,132,9,2,2,145,12,0,6,9,5,31,37,61,63,55,35,53,51
2021-09-05,September,35,Sunday,8,1,37,8,46,49,14,182,15,7,2,206,14,15,9,7,10,28,48,56,49,39,35,44,51
2021-09-05,September,35,Sunday,9,0,68,21,89,76,16,271,20,2,7,300,13,0,8,7,5,21,41,57,52,60,45,53,51
2021-09-05,September,35,Sunday,10,9,38,16,63,141,20,344,20,2,1,367,12,10,9,6,8,19,42,61,58,65,75,64,53
2021-09-05,September,35,Sunday,11,5,56,14,75,133,32,405,30,7,4,446,11,9,7,7,7,17,45,64,60,45,52,55,57
2021-09-05,September,35,Sunday,12,0,20,5,25,64,38,541,32,5,2,580,12,0,7,7,4,23,53,61,59,53,45,54,50
2021-09-05,September,35,Sunday,13,0,20,4,24,3,74,844,35,11,12,902,15,0,6,5,3,41,46,67,64,55,40,56,57
2021-09-05,September,35,Sunday,14,0,7,1,8,9,111,848,25,6,7,886,11,0,5,5,3,26,44,75,75,75,62,71,60
2021-09-05,September,35,Sunday,15,0,12,1,13,7,106,742,31,6,7,786,11,0,5,5,3,36,47,73,69,68,43,63,53
2021-09-05,September,35,Sunday,16,0,19,7,26,9,76,729,45,9,5,788,13,0,5,5,3,50,63,71,61,66,47,61,55
2021-09-05,September,35,Sunday,17,1,17,8,26,6,55,891,45,8,3,947,17,15,8,6,9,53,63,71,65,61,35,58,49
2021-09-05,September,35,Sunday,18,1,16,18,35,10,57,953,31,4,3,991,16,5,7,5,5,36,50,74,69,80,68,72,52
2021-09-05,September,35,Sunday,19,0,35,12,47,11,81,906,30,5,8,949,18,0,9,7,5,35,60,70,68,65,41,61,55
2021-09-05,September,35,Sunday,20,1,32,15,48,4,23,896,27,6,3,932,15,5,8,5,6,35,58,63,64,56,45,57,48
2021-09-05,September,35,Sunday,21,1,42,27,70,4,18,630,11,4,2,647,12,5,6,5,5,42,43,62,60,62,55,59,56
2021-09-05,September,35,Sunday,22,1,28,28,57,4,6,384,11,0,2,397,10,5,5,5,5,35,40,63,67,0,30,40,51
2021-09-05,September,35,Sunday,23,0,2,1,3,0,0,26,0,0,0,26,0,0,5,5,3,0,0,64,0,0,0,16,0
2021-09-06,September,36,Monday,5,0,12,0,12,1,3,56,3,0,0,59,9,0,10,0,3,15,25,51,51,0,0,25,50
2021-09-06,September,36,Monday,6,0,43,14,57,9,7,236,12,2,2,252,15,0,11,7,6,26,35,63,51,55,65,58,55
2021-09-06,September,36,Monday,7,0,80,14,94,31,10,1376,61,9,15,1461,39,0,9,7,5,32,42,72,69,67,57,66,52
2021-09-06,September,36,Monday,8,0,25,25,50,33,18,1261,112,21,21,1415,38,0,7,5,4,35,57,74,68,75,56,68,55
2021-09-06,September,36,Monday,9,0,24,12,36,17,21,1309,133,29,58,1529,35,0,6,5,3,30,52,73,68,65,58,66,64
2021-09-06,September,36,Monday,10,0,18,8,26,9,21,1438,130,38,54,1660,30,0,7,5,4,29,47,71,63,66,57,64,61
2021-09-06,September,36,Monday,11,0,12,10,22,2,24,1752,133,36,39,1960,19,0,8,9,5,25,45,74,66,66,49,63,65
2021-09-06,September,36,Monday,12,0,6,2,8,7,28,1315,98,29,45,1487,22,0,6,10,5,33,68,74,66,69,57,66,58
2021-09-06,September,36,Monday,13,0,38,8,46,6,40,1525,128,44,51,1748,18,0,7,5,4,28,57,75,70,72,56,68,63
2021-09-06,September,36,Monday,14,0,20,5,25,3,61,1752,121,32,39,1944,20,0,9,5,4,45,46,78,71,66,59,68,67
2021-09-06,September,36,Monday,15,1,8,17,26,1,61,1551,103,33,61,1748,25,5,8,6,6,35,51,77,68,68,60,68,62
2021-09-06,September,36,Monday,16,1,16,19,36,9,52,1605,115,33,39,1792,29,5,6,6,5,45,51,73,67,68,57,66,58
2021-09-06,September,36,Monday,17,0,22,7,29,10,45,1690,117,38,32,1877,28,0,5,5,3,33,44,73,69,70,59,67,55
2021-09-06,September,36,Monday,18,0,26,11,37,11,36,1867,109,25,19,2020,30,0,5,6,3,32,45,73,68,63,68,68,64
2021-09-06,September,36,Monday,19,0,56,17,73,13,45,1802,96,23,12,1933,36,0,7,7,4,32,53,72,67,64,64,66,59
2021-09-06,September,36,Monday,20,2,54,18,74,3,19,1264,54,8,8,1334,23,5,7,6,6,35,48,63,67,67,53,62,52
2021-09-06,September,36,Monday,21,1,35,15,51,2,13,740,28,3,4,775,21,5,8,5,6,30,45,62,62,65,42,57,49
2021-09-06,September,36,Monday,22,1,38,12,51,2,9,532,13,0,2,547,12,5,5,5,5,35,47,63,60,0,60,45,51
2021-09-06,September,36,Monday,23,0,1,0,1,0,0,31,1,0,0,32,0,0,5,0,1,0,0,63,45,0,0,27,0
2021-09-07,September,36,Tuesday,5,0,11,1,12,6,5,56,2,1,0,59,8,0,16,25,13,31,31,41,50,55,0,36,47
2021-09-07,September,36,Tuesday,6,0,63,14,77,17,13,297,12,2,7,318,13,0,15,8,7,32,32,59,59,50,45,53,51
2021-09-07,September,36,Tuesday,7,0,110,19,129,43,12,1742,48,13,13,1816,37,0,7,9,5,33,42,62,67,54,55,59,50
2021-09-07,September,36,Tuesday,8,0,52,22,74,40,22,1503,108,35,30,1676,37,0,6,10,5,36,51,67,64,57,58,61,55
2021-09-07,September,36,Tuesday,9,0,42,6,48,17,16,1257,121,26,53,1457,32,0,5,6,3,32,50,67,63,62,56,62,57
2021-09-07,September,36,Tuesday,10,0,12,1,13,6,27,1460,138,29,41,1668,26,0,7,5,4,26,43,64,61,62,55,60,54
2021-09-07,September,36,Tuesday,11,0,26,5,31,4,19,1768,126,51,43,1988,17,0,6,5,3,32,47,65,59,60,52,59,55
2021-09-07,September,36,Tuesday,12,0,29,15,44,2,38,2037,200,91,60,2388,34,0,6,5,3,25,63,70,64,67,57,64,60
2021-09-07,September,36,Tuesday,13,0,45,26,71,0,102,2877,253,70,83,3283,37,0,7,7,4,0,56,74,67,68,55,66,64
2021-09-07,September,36,Tuesday,14,0,32,15,47,13,116,3106,245,73,97,3521,36,0,7,9,5,19,49,78,67,69,62,69,61
2021-09-07,September,36,Tuesday,15,1,36,31,68,5,49,2798,198,56,94,3146,53,5,7,6,6,41,50,76,69,70,55,67,61
2021-09-07,September,36,Tuesday,16,0,49,30,79,10,61,2899,244,63,88,3294,49,0,7,6,4,45,53,76,65,68,62,67,60
2021-09-07,September,36,Tuesday,17,0,37,22,59,11,86,3182,323,64,58,3627,38,0,10,5,5,17,47,76,69,66,62,68,62
2021-09-07,September,36,Tuesday,18,0,88,52,140,15,96,3744,263,45,36,4088,74,0,7,6,4,36,44,75,68,74,60,69,58
2021-09-07,September,36,Tuesday,19,3,89,65,157,7,87,3258,185,40,20,3503,59,8,6,8,7,25,48,75,73,65,58,67,63
2021-09-07,September,36,Tuesday,20,0,107,67,174,6,34,2348,79,17,3,2447,51,0,10,5,5,28,49,63,65,61,38,56,51
2021-09-07,September,36,Tuesday,21,2,75,31,108,4,16,1281,71,13,8,1373,42,5,10,6,7,40,48,60,57,59,48,56,52
2021-09-07,September,36,Tuesday,22,0,58,30,88,4,18,679,20,4,5,708,21,0,5,6,3,45,49,62,52,50,35,49,51
2021-09-07,September,36,Tuesday,23,0,3,0,3,0,0,39,0,0,0,39,2,0,5,0,1,0,0,64,0,0,0,16,50
2021-09-08,September,36,Wednesday,5,0,9,5,14,0,3,69,2,1,4,76,8,0,18,9,9,0,35,47,50,15,45,39,47
2021-09-08,September,36,Wednesday,6,0,46,11,57,14,4,250,15,1,5,271,16,0,12,6,6,31,32,60,52,45,47,51,53
2021-09-08,September,36,Wednesday,7,0,122,14,136,45,11,1800,69,7,12,1888,36,0,9,8,5,33,40,62,61,62,54,59,50
2021-09-08,September,36,Wednesday,8,0,38,19,57,36,17,1298,94,23,27,1442,37,0,7,6,4,34,58,69,66,63,53,62,54
2021-09-08,September,36,Wednesday,9,0,18,13,31,5,15,1324,116,28,43,1511,32,0,7,8,5,33,49,69,65,70,58,65,60
2021-09-08,September,36,Wednesday,10,0,13,9,22,12,21,1493,107,19,37,1656,30,0,8,5,4,30,45,66,61,58,51,59,59
2021-09-08,September,36,Wednesday,11,0,26,8,34,5,21,1826,125,26,32,2009,19,0,8,7,5,25,49,66,61,63,53,60,56
2021-09-08,September,36,Wednesday,12,2,13,8,23,3,26,1186,91,21,38,1336,23,5,5,6,5,31,68,73,65,64,58,65,58
2021-09-08,September,36,Wednesday,13,0,42,5,47,1,41,1508,116,33,44,1701,17,0,5,7,4,45,54,74,67,66,58,66,66
2021-09-08,September,36,Wednesday,14,0,50,3,53,3,63,1560,112,30,38,1740,21,0,6,5,3,28,45,78,69,64,61,68,61
2021-09-08,September,36,Wednesday,15,1,18,12,31,4,51,1424,118,36,46,1624,27,5,10,7,7,42,51,77,71,65,60,68,66
2021-09-08,September,36,Wednesday,16,0,28,17,45,2,34,1494,129,41,30,1694,30,0,6,5,3,30,48,76,67,65,54,65,52
2021-09-08,September,36,Wednesday,17,2,34,10,46,11,44,1692,146,30,26,1894,30,5,6,6,5,19,49,76,67,62,64,67,62
2021-09-08,September,36,Wednesday,18,2,32,9,43,7,46,2010,136,20,13,2179,32,15,6,7,9,40,45,74,69,76,68,71,57
2021-09-08,September,36,Wednesday,19,4,52,22,78,5,55,1736,104,23,7,1870,27,10,8,6,8,35,54,74,68,67,63,68,65
2021-09-08,September,36,Wednesday,20,1,53,36,90,4,23,1275,34,8,8,1325,32,5,7,7,6,47,47,63,62,55,48,57,51
2021-09-08,September,36,Wednesday,21,0,16,15,31,2,12,736,26,6,2,770,20,0,8,5,4,40,48,62,53,61,20,49,53
2021-09-08,September,36,Wednesday,22,0,31,29,60,2,11,474,18,3,3,498,13,0,6,5,3,5,43,63,61,65,58,61,50
2021-09-08,September,36,Wednesday,23,0,5,2,7,0,0,34,0,0,0,34,0,0,5,5,3,0,0,68,0,0,0,17,0
2021-09-09,September,36,Thursday,5,0,19,1,20,7,2,72,5,0,2,79,9,0,15,5,6,27,25,47,49,0,30,31,57
2021-09-09,September,36,Thursday,6,1,66,13,80,10,8,245,11,2,7,265,16,15,14,8,12,27,38,60,55,45,43,50,48
2021-09-09,September,36,Thursday,7,3,104,16,123,56,15,1864,51,13,10,1938,36,21,7,6,11,33,46,62,65,47,59,58,50
2021-09-09,September,36,Thursday,8,0,37,25,62,36,15,1472,102,22,27,1623,39,0,6,7,4,36,57,70,68,63,50,62,57
2021-09-09,September,36,Thursday,9,0,34,14,48,12,28,1244,105,30,59,1438,29,0,7,6,4,35,51,70,67,64,59,65,61
2021-09-09,September,36,Thursday,10,0,18,4,22,6,29,1548,108,41,45,1742,29,0,5,17,7,30,43,66,62,61,52,60,55
2021-09-09,September,36,Thursday,11,0,18,8,26,0,21,1962,109,31,42,2144,24,0,7,7,4,0,47,69,62,50,54,58,55
2021-09-09,September,36,Thursday,12,3,19,8,30,3,29,1253,112,39,48,1452,25,8,7,7,7,18,57,71,63,65,56,63,59
2021-09-09,September,36,Thursday,13,1,18,1,20,2,39,1435,102,49,39,1625,19,15,6,5,8,35,56,73,70,63,51,64,64
2021-09-09,September,36,Thursday,14,0,17,3,20,3,44,1689,106,31,44,1870,18,0,7,8,5,18,55,75,70,64,59,67,63
2021-09-09,September,36,Thursday,15,0,9,7,16,7,57,1493,121,37,47,1698,24,0,7,6,4,35,52,74,64,65,54,64,65
2021-09-09,September,36,Thursday,16,0,18,13,31,5,31,1566,112,33,20,1731,28,0,6,7,4,49,50,73,64,64,61,65,57
2021-09-09,September,36,Thursday,17,1,37,8,46,17,35,1742,125,46,32,1945,25,5,7,6,6,30,48,73,70,67,62,68,64
2021-09-09,September,36,Thursday,18,1,35,20,56,11,41,1926,128,27,20,2101,38,5,7,6,6,38,45,71,68,64,45,62,56
2021-09-09,September,36,Thursday,19,0,45,16,61,9,50,1869,104,11,9,1993,26,0,8,6,4,40,55,72,65,72,48,64,62
2021-09-09,September,36,Thursday,20,0,43,28,71,3,10,1328,41,10,4,1383,27,0,10,5,5,51,48,62,60,58,57,59,49
2021-09-09,September,36,Thursday,21,0,36,14,50,7,24,724,24,6,7,761,22,0,10,5,5,42,50,62,62,60,55,59,53
2021-09-09,September,36,Thursday,22,1,10,7,18,4,15,525,10,2,4,541,18,15,6,5,8,37,42,63,70,50,55,59,51
2021-09-09,September,36,Thursday,23,1,2,0,3,0,0,68,1,0,0,69,0,5,20,0,8,0,0,69,65,0,0,33,0
2021-09-10,September,36,Friday,5,0,12,2,14,1,4,52,4,0,0,56,7,0,15,10,8,35,32,48,50,0,0,24,53
2021-09-10,September,36,Friday,6,0,36,10,46,7,3,221,13,2,4,240,14,0,11,7,6,39,35,61,57,35,52,51,55
2021-09-10,September,36,Friday,7,0,114,5,119,20,16,1590,55,12,14,1671,42,0,10,9,6,37,46,67,66,66,65,66,54
2021-09-10,September,36,Friday,8,0,63,28,91,27,27,2041,141,33,65,2280,54,0,7,6,4,39,54,68,65,59,51,60,52
2021-09-10,September,36,Friday,9,1,83,30,114,53,38,2461,267,59,93,2880,60,5,8,6,6,33,51,68,63,67,58,64,59
2021-09-10,September,36,Friday,10,0,35,7,42,7,55,2981,236,82,112,3411,64,0,9,5,4,33,41,67,64,59,56,61,58
2021-09-10,September,36,Friday,11,0,23,4,27,1,59,3771,248,67,80,4166,40,0,9,5,4,5,54,71,63,65,57,64,56
2021-09-10,September,36,Friday,12,0,16,10,26,1,101,2615,233,71,97,3016,45,0,7,6,4,15,68,73,68,69,60,67,61
2021-09-10,September,36,Friday,13,0,51,12,63,3,92,3145,273,78,102,3598,34,0,6,6,4,55,53,73,66,60,54,63,65
2021-09-10,September,36,Friday,14,0,41,19,60,7,138,3609,233,62,98,4002,44,0,8,5,4,29,45,72,65,65,55,64,62
2021-09-10,September,36,Friday,15,0,31,8,39,9,118,2870,219,60,110,3259,44,0,8,6,4,59,58,75,65,64,53,64,61
2021-09-10,September,36,Friday,16,0,32,23,55,21,75,3410,253,88,93,3844,49,0,7,8,5,42,50,74,63,63,52,63,60
2021-09-10,September,36,Friday,17,0,43,26,69,14,91,3162,286,94,67,3609,49,0,7,8,5,34,48,75,70,63,61,67,59
2021-09-10,September,36,Friday,18,1,41,34,76,20,112,3566,233,76,54,3929,71,5,7,7,6,40,47,73,68,66,60,66,61
2021-09-10,September,36,Friday,19,1,110,38,149,12,130,3652,187,35,49,3923,57,5,8,5,6,51,62,72,69,61,53,63,59
2021-09-10,September,36,Friday,20,3,41,30,74,6,18,1949,59,6,20,2034,28,5,11,7,7,41,50,61,59,48,49,54,53
2021-09-10,September,36,Friday,21,0,44,16,60,0,24,1081,23,10,11,1125,23,0,10,5,5,0,44,59,59,50,45,53,51
2021-09-10,September,36,Friday,22,1,16,13,30,3,15,576,10,6,4,596,14,5,5,6,5,48,47,60,52,53,47,53,58
2021-09-10,September,36,Friday,23,0,3,0,3,0,2,47,1,0,1,49,0,0,5,0,1,0,45,66,65,0,55,46,0
2021-09-11,September,36,Saturday,5,1,7,3,11,1,5,64,2,0,0,66,7,5,9,5,6,45,27,50,45,0,0,23,47
2021-09-11,September,36,Saturday,6,0,24,10,34,10,5,157,9,1,3,170,11,0,11,8,6,29,33,55,48,35,48,46,51
2021-09-11,September,36,Saturday,7,0,102,20,122,28,14,270,34,5,11,320,30,0,8,6,4,29,42,61,57,45,31,48,47
2021-09-11,September,36,Saturday,8,0,51,11,62,37,18,564,71,16,25,676,30,0,6,5,3,33,51,67,59,61,50,59,52
2021-09-11,September,36,Saturday,9,0,40,6,46,32,23,816,86,18,37,957,22,0,8,5,4,35,49,71,65,63,55,63,58
2021-09-11,September,36,Saturday,10,0,18,4,22,30,39,973,101,19,30,1123,22,0,10,7,5,27,48,71,62,71,58,65,59
2021-09-11,September,36,Saturday,11,0,22,10,32,31,28,1118,95,24,29,1266,22,0,9,6,5,28,48,74,68,69,60,67,61
2021-09-11,September,36,Saturday,12,2,15,12,29,10,49,1295,110,21,26,1452,21,5,6,5,5,39,57,73,69,70,64,69,62
2021-09-11,September,36,Saturday,13,0,43,15,58,14,88,1535,113,27,26,1701,20,0,7,7,4,30,47,75,65,71,65,69,65
2021-09-11,September,36,Saturday,14,0,15,11,26,6,108,1399,82,34,24,1539,25,0,9,5,4,26,50,77,70,73,61,70,59
2021-09-11,September,36,Saturday,15,0,17,10,27,11,107,1111,68,21,15,1215,27,0,7,6,4,32,52,75,68,66,57,66,65
2021-09-11,September,36,Saturday,16,0,25,8,33,9,60,1011,56,6,12,1085,29,0,6,5,3,52,64,74,64,63,56,64,59
2021-09-11,September,36,Saturday,17,1,33,7,41,9,50,1008,59,8,8,1083,33,5,5,6,5,39,49,75,67,67,58,66,49
2021-09-11,September,36,Saturday,18,2,29,18,49,7,32,950,36,11,5,1002,32,5,7,5,5,33,51,76,68,67,61,68,48
2021-09-11,September,36,Saturday,19,1,33,31,65,9,119,1907,89,19,8,2023,45,5,9,5,6,43,59,72,69,70,56,66,56
2021-09-11,September,36,Saturday,20,5,94,63,162,6,47,2179,48,19,11,2257,40,5,7,5,5,46,50,62,61,52,47,55,49
2021-09-11,September,36,Saturday,21,0,85,40,125,1,27,1712,43,13,6,1774,33,0,7,6,4,55,43,60,65,46,51,55,48
2021-09-11,September,36,Saturday,22,0,39,26,65,1,11,1155,22,6,0,1183,25,0,12,5,5,45,50,63,57,55,0,43,53
2021-09-11,September,36,Saturday,23,0,0,4,4,0,5,55,0,0,0,55,0,0,0,5,1,0,41,64,0,0,0,16,0
2021-09-12,September,36,Sunday,5,0,5,0,5,0,2,49,1,0,0,50,0,0,11,0,3,0,35,47,45,0,0,23,0
2021-09-12,September,36,Sunday,6,1,25,3,29,2,1,87,4,0,1,92,5,5,10,5,6,40,25,56,60,0,55,42,45
2021-09-12,September,36,Sunday,7,2,46,6,54,18,1,123,12,0,8,143,14,15,9,20,14,33,45,60,47,0,33,35,53
2021-09-12,September,36,Sunday,8,0,42,2,44,34,10,180,15,2,7,204,13,0,10,15,8,27,46,53,47,55,47,50,44
2021-09-12,September,36,Sunday,9,0,60,14,74,77,17,260,26,5,4,295,10,0,11,5,5,20,41,56,54,49,47,51,51
2021-09-12,September,36,Sunday,10,2,80,24,106,101,18,379,21,5,2,407,12,10,10,5,8,19,40,62,57,65,60,61,54
2021-09-12,September,36,Sunday,11,7,46,21,74,119,23,472,15,5,3,495,10,5,10,5,6,17,38,61,57,51,58,56,50
2021-09-12,September,36,Sunday,12,1,29,13,43,94,40,638,34,11,4,687,13,5,8,6,6,22,47,59,57,58,42,54,53
2021-09-12,September,36,Sunday,13,0,10,3,13,3,71,940,36,8,8,992,13,0,9,5,4,35,44,70,64,67,51,63,63
2021-09-12,September,36,Sunday,14,1,14,5,20,6,114,913,34,9,9,965,13,5,6,7,6,20,45,74,70,50,49,60,58
2021-09-12,September,36,Sunday,15,0,14,6,20,9,115,732,27,10,2,771,15,0,6,5,3,41,54,73,60,57,50,60,53
2021-09-12,September,36,Sunday,16,0,13,5,18,12,59,666,48,6,5,725,12,0,8,5,4,48,70,69,62,71,51,63,52
2021-09-12,September,36,Sunday,17,0,15,10,25,10,47,800,37,10,3,850,21,0,5,5,3,44,63,72,65,63,45,61,51
2021-09-12,September,36,Sunday,18,2,24,13,39,7,51,882,49,6,4,941,14,10,7,5,7,35,53,73,63,61,60,64,55
2021-09-12,September,36,Sunday,19,8,43,33,84,2,67,966,38,3,4,1011,16,5,6,5,5,50,58,71,69,58,45,60,56
2021-09-12,September,36,Sunday,20,2,23,16,41,4,14,877,26,4,0,907,16,5,11,5,7,52,55,63,60,60,0,45,54
2021-09-12,September,36,Sunday,21,0,26,8,34,0,7,601,22,2,1,626,10,0,8,5,4,0,45,62,62,60,45,57,55
2021-09-12,September,36,Sunday,22,2,34,18,54,1,6,379,7,1,4,391,12,5,6,5,5,5,58,60,59,45,47,52,48
2021-09-12,September,36,Sunday,23,0,3,1,4,0,0,27,1,1,0,29,0,0,5,5,3,0,0,59,25,25,0,27,0
2021-09-13,September,37,Monday,5,0,8,2,10,0,2,47,1,0,1,49,11,0,7,5,4,0,15,45,45,0,35,31,40
2021-09-13,September,37,Monday,6,0,29,12,41,1,4,276,12,1,7,296,13,0,10,7,5,25,42,60,52,35,33,45,51
2021-09-13,September,37,Monday,7,1,83,16,100,13,9,1841,61,13,12,1927,39,5,8,7,6,33,47,61,60,58,47,56,48
2021-09-13,September,37,Monday,8,0,53,16,69,13,10,1727,83,26,29,1865,37,0,9,5,4,42,54,66,60,64,53,60,55
2021-09-13,September,37,Monday,9,0,45,9,54,7,18,1752,109,27,38,1926,32,0,5,5,3,35,53,68,65,69,55,64,57
2021-09-13,September,37,Monday,10,0,26,13,39,2,27,1284,101,33,41,1459,31,0,5,8,4,40,49,63,62,55,49,57,59
2021-09-13,September,37,Monday,11,1,40,12,53,2,13,1436,96,43,36,1611,23,15,6,5,8,5,44,67,62,63,50,60,58
2021-09-13,September,37,Monday,12,0,13,0,13,6,38,1160,122,31,32,1345,21,0,7,0,2,28,61,71,63,69,52,63,61
2021-09-13,September,37,Monday,13,0,33,9,42,2,37,1402,129,29,39,1599,23,0,6,7,4,30,53,73,66,68,59,66,68
2021-09-13,September,37,Monday,14,0,30,12,42,2,41,1300,107,34,35,1476,22,0,6,5,3,20,49,76,66,64,56,65,63
2021-09-13,September,37,Monday,15,0,8,9,17,3,41,1437,98,32,39,1606,23,0,8,7,5,55,51,77,69,63,56,66,66
2021-09-13,September,37,Monday,16,1,36,11,48,6,38,1472,118,37,38,1665,26,5,7,5,5,45,64,75,70,62,49,64,61
2021-09-13,September,37,Monday,17,1,26,8,35,5,34,1607,128,39,22,1796,24,5,5,6,5,15,48,75,68,65,70,69,61
2021-09-13,September,37,Monday,18,0,37,18,55,6,34,1917,115,26,15,2073,35,0,9,6,5,46,54,74,68,66,55,65,65
2021-09-13,September,37,Monday,19,3,42,28,73,4,34,1780,94,18,7,1899,26,5,8,5,6,32,55,69,66,58,57,62,55
2021-09-13,September,37,Monday,20,1,39,17,57,2,10,1071,35,6,7,1119,34,5,7,5,5,30,47,62,59,51,53,56,55
2021-09-13,September,37,Monday,21,0,14,3,17,2,8,576,21,3,4,604,19,0,5,11,5,50,42,62,58,51,50,55,50
2021-09-13,September,37,Monday,22,1,31,16,48,1,1,388,6,4,1,399,14,5,5,5,5,15,35,62,60,70,75,66,47
2021-09-13,September,37,Monday,23,0,1,2,3,0,0,35,1,0,0,36,1,0,5,5,3,0,0,70,65,0,0,33,45
2021-09-14,September,37,Tuesday,5,0,5,0,5,0,2,49,1,0,0,50,0,0,11,0,3,0,35,47,45,0,0,23,0
2021-09-14,September,37,Tuesday,6,1,25,3,29,2,1,87,4,0,1,92,5,5,10,5,6,40,25,56,60,0,55,42,45
2021-09-14,September,37,Tuesday,7,2,46,6,54,18,1,123,12,0,8,143,14,15,9,20,14,33,45,60,47,0,33,35,53
2021-09-14,September,37,Tuesday,8,0,42,2,44,34,10,180,15,2,7,204,13,0,10,15,8,27,46,53,47,55,47,50,44
2021-09-14,September,37,Tuesday,9,0,60,14,74,77,17,260,26,5,4,295,10,0,11,5,5,20,41,56,54,49,47,51,51
2021-09-14,September,37,Tuesday,10,2,80,24,106,101,18,379,21,5,2,407,12,10,10,5,8,19,40,62,57,65,60,61,54
2021-09-14,September,37,Tuesday,11,7,46,21,74,119,23,472,15,5,3,495,10,5,10,5,6,17,38,61,57,51,58,56,50
2021-09-14,September,37,Tuesday,12,1,29,13,43,94,40,638,34,11,4,687,13,5,8,6,6,22,47,59,57,58,42,54,53
2021-09-14,September,37,Tuesday,13,0,10,3,13,3,71,940,36,8,8,992,13,0,9,5,4,35,44,70,64,67,51,63,63
2021-09-14,September,37,Tuesday,14,1,14,5,20,6,114,913,34,9,9,965,13,5,6,7,6,20,45,74,70,50,49,60,58
2021-09-14,September,37,Tuesday,15,0,14,6,20,9,115,732,27,10,2,771,15,0,6,5,3,41,54,73,60,57,50,60,53
2021-09-14,September,37,Tuesday,16,0,13,5,18,12,59,666,48,6,5,725,12,0,8,5,4,48,70,69,62,71,51,63,52
2021-09-14,September,37,Tuesday,17,0,15,10,25,10,47,800,37,10,3,850,21,0,5,5,3,44,63,72,65,63,45,61,51
2021-09-14,September,37,Tuesday,18,2,24,13,39,7,51,882,49,6,4,941,14,10,7,5,7,35,53,73,63,61,60,64,55
2021-09-14,September,37,Tuesday,19,8,43,33,84,2,67,966,38,3,4,1011,16,5,6,5,5,50,58,71,69,58,45,60,56
2021-09-14,September,37,Tuesday,20,2,23,16,41,4,14,877,26,4,0,907,16,5,11,5,7,52,55,63,60,60,0,45,54
2021-09-14,September,37,Tuesday,21,0,26,8,34,0,7,601,22,2,1,626,10,0,8,5,4,0,45,62,62,60,45,57,55
2021-09-14,September,37,Tuesday,22,2,34,18,54,1,6,379,7,1,4,391,12,5,6,5,5,5,58,60,59,45,47,52,48
2021-09-14,September,37,Tuesday,23,0,3,1,4,0,0,27,1,1,0,29,0,0,5,5,3,0,0,59,25,25,0,27,0
2021-09-15,September,37,Wednesday,5,0,6,1,7,0,0,56,2,1,3,62,8,0,20,5,8,0,0,48,45,65,41,49,50
2021-09-15,September,37,Wednesday,6,0,54,11,65,14,1,230,6,1,2,239,16,0,12,8,6,30,55,59,58,25,60,50,52
2021-09-15,September,37,Wednesday,7,0,66,3,69,7,2,566,17,3,7,593,15,0,8,15,7,29,45,61,66,68,49,61,53
2021-09-15,September,37,Wednesday,8,0,13,8,21,8,10,611,46,14,23,694,14,0,8,6,4,41,59,67,60,52,56,58,51
2021-09-15,September,37,Wednesday,9,0,27,13,40,15,33,1620,167,38,74,1899,35,0,8,8,5,36,54,67,62,60,52,60,58
2021-09-15,September,37,Wednesday,10,0,25,12,37,5,23,1405,116,63,42,1626,32,0,8,6,4,37,62,68,63,64,47,60,57
2021-09-15,September,37,Wednesday,11,0,18,5,23,2,25,1639,127,38,41,1845,20,0,8,7,5,35,53,74,67,63,57,65,60
2021-09-15,September,37,Wednesday,12,0,20,3,23,3,65,2144,214,68,85,2511,49,0,8,15,7,5,58,74,66,72,52,66,65
2021-09-15,September,37,Wednesday,13,0,30,9,39,6,121,2929,273,83,89,3374,38,0,7,11,6,31,62,75,69,67,63,68,66
2021-09-15,September,37,Wednesday,14,0,49,8,57,9,106,3422,220,74,72,3788,41,0,11,5,5,27,54,80,73,70,61,71,65
2021-09-15,September,37,Wednesday,15,2,48,27,77,9,118,3117,206,55,88,3466,50,5,7,6,6,47,50,79,70,70,57,69,63
2021-09-15,September,37,Wednesday,16,0,32,34,66,25,78,3245,243,57,88,3633,50,0,8,7,5,35,60,74,68,67,59,67,60
2021-09-15,September,37,Wednesday,17,0,49,22,71,30,63,3530,209,73,74,3886,59,0,6,6,4,27,46,73,66,69,56,66,59
2021-09-15,September,37,Wednesday,18,1,75,26,102,16,95,3955,226,64,59,4304,62,5,8,8,7,31,51,71,65,61,53,62,57
2021-09-15,September,37,Wednesday,19,0,113,31,144,7,87,3923,203,47,25,4198,53,0,10,8,6,33,60,71,67,65,52,63,58
2021-09-15,September,37,Wednesday,20,8,97,51,156,5,31,2996,74,21,27,3118,57,5,6,5,5,39,46,61,63,56,50,57,52
2021-09-15,September,37,Wednesday,21,4,71,47,122,2,24,1815,44,9,10,1878,49,5,7,5,5,50,46,61,59,58,48,56,52
2021-09-15,September,37,Wednesday,22,0,84,39,123,2,20,886,24,12,3,925,23,0,8,5,4,25,50,62,66,63,58,62,53
2021-09-15,September,37,Wednesday,23,0,3,2,5,0,2,48,1,0,0,49,1,0,5,5,3,0,45,60,65,0,0,31,55
2021-09-16,September,37,Thursday,5,0,5,1,6,1,2,90,3,0,1,94,1,0,5,5,3,25,40,48,48,0,45,35,45
2021-09-16,September,37,Thursday,6,0,20,1,21,7,6,122,3,1,5,131,4,0,11,5,5,22,31,60,51,45,39,48,57
2021-09-16,September,37,Thursday,7,0,50,12,62,22,4,221,13,4,6,244,16,0,10,11,7,24,40,63,65,67,68,65,43
2021-09-16,September,37,Thursday,8,0,60,12,72,49,14,398,32,10,8,448,13,0,15,8,7,36,57,68,62,63,53,61,57
2021-09-16,September,37,Thursday,9,0,21,13,34,46,22,572,54,9,14,649,14,0,10,5,5,32,51,75,69,65,55,66,61
2021-09-16,September,37,Thursday,10,1,27,12,40,27,27,653,55,10,12,730,15,5,10,7,7,30,43,72,68,55,49,61,55
2021-09-16,September,37,Thursday,11,0,13,11,24,23,30,777,58,9,15,859,12,0,8,7,5,31,50,76,74,65,57,68,61
2021-09-16,September,37,Thursday,12,0,46,15,61,27,87,1545,108,13,19,1685,21,0,7,7,4,33,55,74,68,81,58,70,59
2021-09-16,September,37,Thursday,13,0,43,12,55,20,146,1893,116,28,28,2065,24,0,8,5,4,37,52,78,73,73,57,70,61
2021-09-16,September,37,Thursday,14,0,19,8,27,16,174,1884,122,26,24,2056,22,0,8,10,6,22,46,80,75,68,55,69,61
2021-09-16,September,37,Thursday,15,0,22,16,38,16,138,1749,122,22,20,1913,28,0,8,6,4,37,52,76,71,59,47,63,59
2021-09-16,September,37,Thursday,16,4,55,52,111,8,94,1874,124,20,10,2028,28,5,7,5,5,33,57,76,70,72,61,69,61
2021-09-16,September,37,Thursday,17,1,80,27,108,18,78,1993,92,14,8,2107,22,5,6,5,5,29,50,77,72,68,70,71,63
2021-09-16,September,37,Thursday,18,4,69,28,101,16,90,2046,125,36,8,2215,26,5,7,5,5,36,45,77,66,72,55,67,62
2021-09-16,September,37,Thursday,19,4,99,24,127,17,85,2255,66,12,4,2337,24,5,9,10,8,34,60,73,64,68,67,68,55
2021-09-16,September,37,Thursday,20,2,62,27,91,10,14,1743,57,15,9,1824,22,15,7,5,9,43,47,63,64,51,52,57,53
2021-09-16,September,37,Thursday,21,1,45,11,57,5,10,714,16,5,1,736,11,5,5,5,5,33,40,61,61,63,45,57,52
2021-09-16,September,37,Thursday,22,0,23,3,26,2,5,391,10,1,0,402,13,0,5,5,3,45,45,64,59,55,0,44,52
2021-09-16,September,37,Thursday,23,0,3,5,8,0,0,37,2,0,0,39,0,0,5,5,3,0,0,64,65,0,0,32,0
2021-09-17,September,37,Friday,5,0,8,1,9,3,5,50,5,0,2,57,6,0,30,5,11,35,37,50,53,0,40,35,48
2021-09-17,September,37,Friday,6,0,25,5,30,7,3,211,10,3,6,230,17,0,11,5,5,23,35,57,45,45,55,50,50
2021-09-17,September,37,Friday,7,0,96,12,108,28,15,1090,40,4,15,1149,30,0,7,10,5,35,43,68,64,72,56,65,50
2021-09-17,September,37,Friday,8,0,40,9,49,30,20,1104,86,18,22,1230,40,0,8,5,4,32,57,67,65,65,52,62,54
2021-09-17,September,37,Friday,9,0,58,10,68,17,20,1172,83,26,64,1345,31,0,6,5,3,33,55,67,65,66,54,63,56
2021-09-17,September,37,Friday,10,0,22,7,29,2,36,1218,101,31,44,1394,26,0,7,6,4,30,48,69,61,64,51,61,53
2021-09-17,September,37,Friday,11,0,16,6,22,4,19,1274,100,37,42,1453,20,0,8,5,4,22,45,74,65,67,55,65,62
2021-09-17,September,37,Friday,12,0,30,4,34,0,58,2103,219,71,80,2473,38,0,8,5,4,0,70,74,66,60,55,63,66
2021-09-17,September,37,Friday,13,0,41,23,64,6,118,2908,255,75,106,3344,48,0,7,6,4,50,59,75,66,67,58,66,66
2021-09-17,September,37,Friday,14,0,49,24,73,6,130,3076,226,50,90,3442,36,0,7,5,4,18,51,77,69,71,58,68,62
2021-09-17,September,37,Friday,15,2,49,15,66,10,75,2104,179,49,91,2423,26,15,8,9,10,33,46,76,68,66,57,66,66
2021-09-17,September,37,Friday,19,2,104,44,150,4,66,2269,97,15,8,2389,29,15,7,5,9,45,59,70,69,67,60,66,59
2021-09-17,September,37,Friday,20,2,39,28,69,6,23,2844,98,12,16,2970,52,5,9,5,6,35,41,59,57,49,50,53,50
2021-09-17,September,37,Friday,21,4,48,22,74,6,15,1891,60,5,5,1961,36,5,15,5,8,51,42,59,60,59,55,58,51
2021-09-17,September,37,Friday,22,2,71,28,101,3,30,1208,32,6,11,1257,25,5,10,5,6,55,42,60,53,53,48,53,53
2021-09-17,September,37,Friday,23,0,2,2,4,0,2,110,0,0,0,110,2,0,5,5,3,0,65,60,0,0,0,15,45
2021-09-18,September,37,Saturday,5,0,5,0,5,2,3,45,3,0,1,49,7,0,5,0,1,30,35,43,51,0,75,42,50
2021-09-18,September,37,Saturday,6,0,29,4,33,4,6,138,7,0,3,148,11,0,10,20,10,30,26,56,50,0,48,38,52
2021-09-18,September,37,Saturday,7,1,120,16,137,23,14,255,20,3,5,283,30,5,10,8,7,29,43,59,56,61,47,55,49
2021-09-18,September,37,Saturday,8,1,45,14,60,39,15,526,46,17,16,605,29,5,8,5,6,32,51,61,58,50,48,54,52
2021-09-18,September,37,Saturday,9,0,47,10,57,40,22,737,81,10,39,867,22,0,7,5,4,31,56,66,63,67,52,62,54
2021-09-18,September,37,Saturday,10,0,33,7,40,34,16,892,83,26,35,1036,20,0,9,5,4,32,48,69,66,60,53,62,53
2021-09-18,September,37,Saturday,11,0,18,7,25,15,18,958,76,29,33,1096,21,0,5,6,3,29,42,72,71,68,57,67,63
2021-09-18,September,37,Saturday,12,2,27,20,49,27,64,2278,179,60,67,2584,41,5,10,5,6,38,70,71,62,58,52,60,61
2021-09-18,September,37,Saturday,13,2,123,36,161,6,162,2849,225,46,57,3177,39,5,8,6,6,15,52,74,69,63,58,66,66
2021-09-18,September,37,Saturday,14,0,26,8,34,10,209,2597,164,63,37,2861,46,0,7,5,4,37,48,75,70,68,63,69,65
2021-09-18,September,37,Saturday,15,0,36,22,58,17,149,2150,130,32,33,2345,52,0,6,5,3,39,49,73,69,60,55,64,60
2021-09-18,September,37,Saturday,16,2,49,25,76,18,110,1886,98,27,24,2035,57,5,5,5,5,52,56,73,63,68,50,63,59
2021-09-18,September,37,Saturday,17,0,46,20,66,4,108,1951,98,4,6,2059,47,0,6,6,4,40,49,74,72,37,65,62,55
2021-09-18,September,37,Saturday,18,2,30,29,61,3,42,987,22,4,7,1020,28,5,5,5,5,25,46,75,72,65,56,67,55
2021-09-18,September,37,Saturday,19,7,42,53,102,3,106,1609,48,6,13,1676,42,5,7,5,5,55,71,69,61,73,45,62,53
2021-09-18,September,37,Saturday,20,2,88,36,126,4,31,2128,55,9,15,2207,32,5,6,6,5,47,55,61,55,62,46,56,47
2021-09-18,September,37,Saturday,21,1,86,53,140,11,29,1526,37,4,6,1573,26,5,8,5,6,46,45,60,63,55,55,58,51
2021-09-18,September,37,Saturday,22,2,62,29,93,5,17,1106,28,6,2,1142,17,5,7,5,5,29,49,59,58,61,55,58,52
2021-09-18,September,37,Saturday,23,0,6,0,6,0,2,72,1,0,0,73,2,0,5,0,1,0,35,60,65,0,0,31,45
2021-09-19,September,37,Sunday,5,0,1,1,2,3,1,59,3,0,0,62,0,0,5,5,3,18,45,52,51,0,0,25,0
2021-09-19,September,37,Sunday,6,0,23,2,25,2,2,100,4,1,2,107,5,0,8,10,6,25,40,51,50,55,45,50,47
2021-09-19,September,37,Sunday,7,1,35,12,48,12,8,130,10,2,4,146,19,5,9,10,8,28,45,57,53,55,35,50,46
2021-09-19,September,37,Sunday,8,0,37,10,47,48,5,164,15,1,5,185,12,0,10,7,5,27,47,50,51,35,41,44,42
2021-09-19,September,37,Sunday,9,1,100,15,116,89,17,248,7,4,11,270,13,5,11,7,7,19,40,54,59,47,42,50,51
2021-09-19,September,37,Sunday,10,0,69,19,88,105,15,360,21,8,2,391,12,0,13,8,7,18,41,57,52,52,40,50,50
2021-09-19,September,37,Sunday,11,4,50,30,84,131,34,423,33,6,4,466,10,15,9,7,10,17,42,60,58,51,50,54,52
2021-09-19,September,37,Sunday,12,0,17,6,23,70,50,595,26,9,3,633,12,0,7,6,4,24,51,57,53,49,58,54,48
2021-09-19,September,37,Sunday,13,1,24,5,30,3,80,804,38,8,9,859,12,5,7,7,6,38,56,66,65,60,51,60,53
2021-09-19,September,37,Sunday,14,0,13,6,19,9,96,884,41,6,4,935,14,0,7,6,4,38,46,73,70,66,55,66,52
2021-09-19,September,37,Sunday,15,0,11,8,19,8,74,706,28,7,3,744,13,0,5,7,4,51,48,72,62,59,41,58,57
2021-09-19,September,37,Sunday,16,1,24,6,31,3,65,745,39,6,2,792,11,5,5,8,6,45,63,73,69,73,60,68,55
2021-09-19,September,37,Sunday,17,3,21,20,44,5,40,898,32,5,4,939,15,5,5,5,5,39,57,77,65,81,35,64,51
2021-09-19,September,37,Sunday,18,0,26,14,40,9,46,900,32,1,4,937,14,0,6,5,3,36,51,77,74,65,50,66,54
2021-09-19,September,37,Sunday,19,6,58,54,118,4,126,1428,30,6,8,1472,38,5,7,5,5,57,59,70,66,61,40,59,54
2021-09-19,September,37,Sunday,20,3,61,51,115,3,46,1342,42,9,4,1397,25,5,6,7,6,51,47,63,64,55,55,59,57
2021-09-19,September,37,Sunday,21,0,88,68,156,5,35,1237,43,10,2,1292,21,0,8,6,4,39,39,62,63,64,65,63,52
2021-09-19,September,37,Sunday,22,2,46,16,64,2,17,1047,14,6,4,1071,18,5,6,5,5,35,40,62,67,61,55,61,56
2021-09-19,September,37,Sunday,23,0,6,2,8,0,2,56,2,0,0,58,0,0,5,5,3,0,35,66,55,0,0,30,0
